Workbook

Sheet Dados_Brutos
A1: DATA INSPECAO | B1: OS | C1: CLUSTER | D1: TURBINA | E1: QTD IMAS TROCADOS | F1: DESCRICAO | G1: CICLO INSPECAO | H1: STATUS | I1: DATA SUBSTITUICAO | J1: K1DIAS PARADA | K1: DOWNWIND | L1: UPWIND | M1: OBSERVACOES | N1: PRIORIDADE
A2: 45384 | B2: 66159 | C2: Santo Inacio IV | D2: AEG-33 | E2: 80 | F2: Substituido | G2: Primeiro Ciclo | H2: Fora de Operação | I2: 45512 | J2: 128 | K2: Alto | L2: Alto | M2: Substituido os modulos 2 e 3 do circuito 3. Substituido o modulo 3 do circuito 2. Substituido as calhas dos circuittos 6, 7, 8, 9, 10, 11, 12, 13, 14. Substituido os Imãs das carreiras 10, 11, 17, 23, 57, 58, 77 e 84. | N2: =IF(Tabela1[[#This Row],[DATA INSPECAO]]="","",IF(AND($F2="Substituido",J2>0,),"ALTA PRIORIDADE","NORMAL")) -> NORMAL
A3: 45384 | B3: 66158 | C3: Garrote | D3: AEG-45 | E3: 80 | F3: Substituido | G3: Primeiro Ciclo | H3: Fora de Operação | I3: 45580 | J3: 196 | K3: Baixo | L3: Alto | M3: AEG parado, devido a problema de estufamento de imãs, como também realizado troca do modulo 04. | N3: =IF(Tabela1[[#This Row],[DATA INSPECAO]]="","",IF(AND($F3="Substituido",J3>0,),"ALTA PRIORIDADE","NORMAL")) -> NORMAL
A4: 45391 | B4: 66160 | C4: Santo Inacio III | D4: AEG-29 | E4: 142 | F4: Substituido | G4: Primeiro Ciclo | H4: Fora de Operação | I4: 45593 | J4: 202 | K4: Alto | L4: Baixo | M4: Em continuação das atividades: Realizado substituição de Spindle neste período, realizado substituição de 142 ímãs do Gerador. Identificamos 05 módulos do Gerador com necessidade de troca devido os danos causados pelo o estufamento dos ímãs e substituído o modulo 2 do circuito 5. Executado a correção dos módulos com danos superficiais. | N4: =IF(Tabela1[[#This Row],[DATA INSPECAO]]="","",IF(AND($F4="Substituido",J4>0,),"ALTA PRIORIDADE","NORMAL")) -> NORMAL
A5: 45408 | B5: 66434 | C5: Santo Inacio III | D5: AEG-06 | E5: 20 | F5: Substituido | G5: Primeiro Ciclo | H5: Fora de Operação | I5: 45519 | J5: 111 | K5: Alto | L5: Baixo | M5: Curto no Módulo estator circuito 05 do Gerador. Substituido o Modulo Nº 13, substituido as carreiras 35, 67. Por conta de outras falhas no conversor, a intervenção continuou na OS: 70554. | N5: =IF(Tabela1[[#This Row],[DATA INSPECAO]]="","",IF(AND($F5="Substituido",J5>0,),"ALTA PRIORIDADE","NORMAL")) -> NORMAL
A6: 45408 | B6: 66934 | C6: Garrote | D6: AEG-35 | E6: 200 | F6: Substituido | G6: Primeiro Ciclo | H6: Fora de Operação | I6: 45568 | J6: 160 | K6: Alto | L6: Alto | M6: Foi realizado a substituição dos Modulos 01 e 04, como também os Imãs das carreiras: 01, 02, 03, 04, 05, 06, 15, 17, 18, 19, 20, 30, 11, 114, 115, 116, 117, 118, 119, 120. A carreira 110, foi substituido por Imãs aproveitados de outras Máquinas. Calhas substituidas nas carreiras: 03, 04, 05, 15, 16, 17, 18, 19, 20. | N6: =IF(Tabela1[[#This Row],[DATA INSPECAO]]="","",IF(AND($F6="Substituido",J6>0,),"ALTA PRIORIDADE","NORMAL")) -> NORMAL
A7: 45415 | B7: 66933 | C7: Santo Inacio IV | D7: AEG-36 | E7: 260 | F7: Substituido | G7: Primeiro Ciclo | H7: Fora de Operação | I7: 45558 | J7: 143 | K7: Alto | L7: Baixo | M7: Inspeção nas carreiras de imãs e calhas danificadas,Calhas: 47, 64, 65, 67, 69, 70, 71, 74, 75, 76, 77, 81, 83, 84, 85, 86, 87, 88, 89, 90. Imãs danificados : 06, 47, 64, 65, 67, 69, 70, 71, 74, 75, 76, 77, 78, 81, 82, 83, 84, 85, 86, 87, 88, 89, 90, 91, 93, 110. Substituido os modulos 11. | N7: =IF(Tabela1[[#This Row],[DATA INSPECAO]]="","",IF(AND($F7="Substituido",J7>0,),"ALTA PRIORIDADE","NORMAL")) -> NORMAL
A8: 45420 | B8: 66931 | C8: São Raimundo | D8: AEG-16 | E8: 50 | F8: Substituido | G8: Primeiro Ciclo | H8: Fora de Operação | I8: 45478 | J8: 58 | K8: Alto | L8: Baixo | M8: Substituição dos Imãs das carreiras 18, 31, 59, 100 e 113. | N8: =IF(Tabela1[[#This Row],[DATA INSPECAO]]="","",IF(AND($F8="Substituido",J8>0,),"ALTA PRIORIDADE","NORMAL")) -> NORMAL
A9: 45421 | B9: - | C9: São Raimundo | D9: AEG-18 | E9: 0 | F9: Ímãs OK | G9: Primeiro Ciclo | H9: Em Operação | I9: - | J9: 0 | K9: Baixo | L9: Baixo | M9: Gerador lado downwind apresenta indicios iniciais de oxidação nos ímãs em todas as carreiras. | N9: =IF(Tabela1[[#This Row],[DATA INSPECAO]]="","",IF(AND($F9="Substituido",J9>0,),"ALTA PRIORIDADE","NORMAL")) -> NORMAL
A10: 45422 | B10: - | C10: Santo Inacio III | D10: AEG-31 | E10: 0 | F10: Ímãs OK | G10: Primeiro Ciclo | H10: Em Operação | I10: - | J10: 0 | K10: Baixo | L10: Médio | M10: Gerador lado downwind apresenta indicios iniciais de oxidação nos ímãs em todas as carreiras. Gerador lado upwind apresenta oxidação severa nas carreiras de ímãs 03, 31, 83 e com indicios de calha metalica de proteção do gerador levantada. porém o gabarito passa com facilidade. | N10: =IF(Tabela1[[#This Row],[DATA INSPECAO]]="","",IF(AND($F10="Substituido",J10>0,),"ALTA PRIORIDADE","NORMAL")) -> NORMAL
A11: 45425 | B11: 66932 | C11: Santo Inacio III | D11: AEG-05 | E11: 60 | F11: Substituido | G11: Primeiro Ciclo | H11: Fora de Operação | I11: 45597 | J11: 172 | K11: Alto | L11: Baixo | M11: Foi realizado a substituição dos Imãs das carreiras 14, 27, 94, 95, 96 e 99. Substituidos os modulos 9 e 7. Realizado a substituição de dois Fusiveis do gabinete U75. | N11: =IF(Tabela1[[#This Row],[DATA INSPECAO]]="","",IF(AND($F11="Substituido",J11>0,),"ALTA PRIORIDADE","NORMAL")) -> NORMAL
A12: 45429 | B12: 66935 | C12: Santo Inacio IV | D12: AEG-34 | E12: 60 | F12: Substituido | G12: Primeiro Ciclo | H12: Fora de Operação | I12: 45472 | J12: 43 | K12: Alto | L12: Alto | M12: Realizado a substituição dos Imãs das carreiras: 56, 57, 58, 61, 63, 64, como também aplicado resina no modulo 02 do circuito 01 que estava com dano na cabeceira. | N12: =IF(Tabela1[[#This Row],[DATA INSPECAO]]="","",IF(AND($F12="Substituido",J12>0,),"ALTA PRIORIDADE","NORMAL")) -> NORMAL
A13: 45432 | B13: - | C13: Garrote | D13: AEG-41 | E13: 0 | F13: Ímãs OK | G13: Primeiro Ciclo | H13: Em Operação | I13: - | J13: 0 | K13: Baixo | L13: Baixo | M13: Desplacamento de tinta na estrutura do gerador entre as carreiras 49 e 50 do lado downwind. Calha metalica de proteção do ímã da carreira 07 com pequenas avarias da região frontal. Gerador lado downwind apresenta indicios iniciais de oxidação nos ímãs em todas as carreiras. | N13: =IF(Tabela1[[#This Row],[DATA INSPECAO]]="","",IF(AND($F13="Substituido",J13>0,),"ALTA PRIORIDADE","NORMAL")) -> NORMAL
A14: 45433 | B14: 66887 | C14: Garrote | D14: AEG-46 | E14: 20 | F14: Substituido | G14: Primeiro Ciclo | H14: Fora de Operação | I14: 45457 | J14: 24 | K14: Alto | L14: Alto | M14: Carreiras 22 e 23 de ímãs não passou o gabarito de 04 mm no entre ferro do gerador. Calha metalica de proteção do ímã da carreira 45 com pequenas avarias da região frontal. | N14: =IF(Tabela1[[#This Row],[DATA INSPECAO]]="","",IF(AND($F14="Substituido",J14>0,),"ALTA PRIORIDADE","NORMAL")) -> NORMAL
A15: 45434 | B15: - | C15: Garrote | D15: AEG-47 | E15: 0 | F15: Ímãs OK | G15: Primeiro Ciclo | H15: Em Operação | I15: - | J15: 0 | K15: Baixo | L15: Baixo | M15: Gerador lado downwind apresenta indicios de oxidação nos ímãs de todas as carreiras. gabarito passa com facilidade. Gerador lado upwind apresenta indicios iniciais de oxidação em todas as carreiras de ímã. Calha metalica de proteção do ímã das carreiras 49 e 56 com pequenas avarias da região frontal | N15: =IF(Tabela1[[#This Row],[DATA INSPECAO]]="","",IF(AND($F15="Substituido",J15>0,),"ALTA PRIORIDADE","NORMAL")) -> NORMAL
A16: 45435 | B16: - | C16: Garrote | D16: AEG-14 | E16: 0 | F16: Ímãs OK | G16: Primeiro Ciclo | H16: Em Operação | I16: - | J16: 0 | K16: Baixo | L16: Baixo | M16: Calha metalica de proteção do ímã da carreira 113 com pequenas avarias da região frontal. Gerador lado downwind apresenta indicios iniciais de oxidação nos ímãs em todas as carreiras. | N16: =IF(Tabela1[[#This Row],[DATA INSPECAO]]="","",IF(AND($F16="Substituido",J16>0,),"ALTA PRIORIDADE","NORMAL")) -> NORMAL
A17: 45435 | B17: - | C17: Garrote | D17: AEG-43 | E17: 0 | F17: Ímãs OK | G17: Primeiro Ciclo | H17: Em Operação | I17: - | J17: 0 | K17: Baixo | L17: Baixo | M17: Calha metalica de proteção do ímã da carreira 20 com pequenas avarias da região frontal. Gerador lado downwind apresenta indicios iniciais de oxidação nos ímãs em todas as carreiras. Gerador lado upwind apresenta indicios iniciais de oxidação nos ímãs em todas as carreiras. | N17: =IF(Tabela1[[#This Row],[DATA INSPECAO]]="","",IF(AND($F17="Substituido",J17>0,),"ALTA PRIORIDADE","NORMAL")) -> NORMAL
A18: 45436 | B18: - | C18: Garrote | D18: AEG-04 | E18: 0 | F18: Ímãs OK | G18: Primeiro Ciclo | H18: Em Operação | I18: - | J18: 0 | K18: Baixo | L18: Baixo | M18: No relatorio de inspeção do primeiro ciclo, foi apontado avaria em todas as calhas na região frontal. Lado DownWind do gerador apresenta indicios de oxidação nos Imãs em todas as carreiras. | N18: =IF(Tabela1[[#This Row],[DATA INSPECAO]]="","",IF(AND($F18="Substituido",J18>0,),"ALTA PRIORIDADE","NORMAL")) -> NORMAL
A19: 45436 | B19: - | C19: Garrote | D19: AEG-39 | E19: 0 | F19: Ímãs OK | G19: Primeiro Ciclo | H19: Em Operação | I19: - | J19: 0 | K19: Médio | L19: Médio | M19: Houve dificuldade na inspeção devido o gabarito passar entre algumas calhas e outras não devido as emendas das calhas de proteção do estator não estarem totalmente uniforme. porém, gabarito passa na parte inferior de todas as calhas metalica de proteção do ímã. Gerador lado downwind apresenta oxidação em estagio avançado em todas as carreiras de ímã. Gerador lado upwind apresenta oxidação em estagio inicial em todas as carreiras de ímã. | N19: =IF(Tabela1[[#This Row],[DATA INSPECAO]]="","",IF(AND($F19="Substituido",J19>0,),"ALTA PRIORIDADE","NORMAL")) -> NORMAL
A20: 45439 | B20: - | C20: Garrote | D20: AEG-01 | E20: 0 | F20: Ímãs OK | G20: Primeiro Ciclo | H20: Em Operação | I20: - | J20: 0 | K20: Baixo | L20: Baixo | M20: No relatorio foi apontado que a calha frontal da carreira 102 estava com avaria na região frontal e com indicios iniciais de oxidação nos lados Upwind e DownWind. | N20: =IF(Tabela1[[#This Row],[DATA INSPECAO]]="","",IF(AND($F20="Substituido",J20>0,),"ALTA PRIORIDADE","NORMAL")) -> NORMAL
A21: 45439 | B21: - | C21: São Raimundo | D21: AEG-17 | E21: 0 | F21: Ímãs OK | G21: Primeiro Ciclo | H21: Em Operação | I21: - | J21: 0 | K21: Baixo | L21: Baixo | M21: Gerador lado upwind apresenta indicios iniciais de oxidação nos ímãs em todas as carreiras. Gerador lado downwind apresenta indicios iniciais de oxidação nos ímãs em todas as carreiras. | N21: =IF(Tabela1[[#This Row],[DATA INSPECAO]]="","",IF(AND($F21="Substituido",J21>0,),"ALTA PRIORIDADE","NORMAL")) -> NORMAL
A22: 45440 | B22: 67108 | C22: São Raimundo | D22: AEG-15 | E22: 50 | F22: Substituido | G22: Primeiro Ciclo | H22: Fora de Operação | I22: 45465 | J22: 25 | K22: Baixo | L22: Alto | M22: Encontrado estufamento de ímãs nas carreiras 03,31,33. Inicio de estufamento de ímãs nas carreiras 02,32. Gabarito passa com dificudade. Gerador lado dwind apresenta indicios iniciais de oxidação nos ímãs em todas as carreiras. Gerador lado upwind apresenta indicios iniciais de oxidação nos ímãs em todas as carreiras. | N22: =IF(Tabela1[[#This Row],[DATA INSPECAO]]="","",IF(AND($F22="Substituido",J22>0,),"ALTA PRIORIDADE","NORMAL")) -> NORMAL
A23: 45441 | B23: - | C23: São Raimundo | D23: AEG-08 | E23: 0 | F23: Ímãs OK | G23: Primeiro Ciclo | H23: Em Operação | I23: - | J23: 0 | K23: Baixo | L23: Baixo | M23: No relatorios de inspeção dos Imãs do gerador, foi apontado que os lados UpWind e DownWind apresentam oxidação em todas as carreiras de Imãs. | N23: =IF(Tabela1[[#This Row],[DATA INSPECAO]]="","",IF(AND($F23="Substituido",J23>0,),"ALTA PRIORIDADE","NORMAL")) -> NORMAL
A24: 45441 | B24: - | C24: São Raimundo | D24: AEG-19 | E24: 0 | F24: Ímãs OK | G24: Primeiro Ciclo | H24: Em Operação | I24: - | J24: 0 | K24: Baixo | L24: Baixo | M24: Gerador lado downwind apresenta indicios iniciais de oxidação nos ímãs em todas as carreiras | N24: =IF(Tabela1[[#This Row],[DATA INSPECAO]]="","",IF(AND($F24="Substituido",J24>0,),"ALTA PRIORIDADE","NORMAL")) -> NORMAL
A25: 45443 | B25: 67180 | C25: São Raimundo | D25: AEG-09 | E25: 20 | F25: Substituido | G25: Primeiro Ciclo | H25: Fora de Operação | I25: 45460 | J25: 17 | K25: Médio | L25: Baixo | M25: Encontrado estufamento de ímãs nas carreiras 60 e 100. Gerador lado downwind apresenta oxidação nos ímãs em todas as carreiras. Gerador lado upwind apresenta indicios iniciais de oxidação nos ímãs em todas as carreiras. | N25: =IF(Tabela1[[#This Row],[DATA INSPECAO]]="","",IF(AND($F25="Substituido",J25>0,),"ALTA PRIORIDADE","NORMAL")) -> NORMAL
A26: 45446 | B26: - | C26: São Raimundo | D26: AEG-10 | E26: 0 | F26: Ímãs OK | G26: Primeiro Ciclo | H26: Em Operação | I26: - | J26: 0 | K26: Baixo | L26: Baixo | M26: Gerador lado upwind apresenta indicios iniciais de oxidação nos ímãs em todas as carreiras.gerador lado downwind apresenta indicios iniciais de desfragmentação do imã n°01 de todas as carreiras. Gerador lado downwind apresenta oxidação avançada no ímã n°01 de todas as carreiras. | N26: =IF(Tabela1[[#This Row],[DATA INSPECAO]]="","",IF(AND($F26="Substituido",J26>0,),"ALTA PRIORIDADE","NORMAL")) -> NORMAL
A27: 45446 | B27: 67257 | C27: São Raimundo | D27: AEG-11 | E27: 20 | F27: Substituido | G27: Primeiro Ciclo | H27: Fora de Operação | I27: 45461 | J27: 15 | K27: Baixo | L27: Alto | M27: Encontrado estufamento de ímãs nas carreiras 06 e 07. Gerador lado DownWind apresenta inicios de oxidação nos ímãs em todas as carreiras. Gerador lado upwind apresenta indicios iniciais de oxidação nos ímãs em todas as carreiras. | N27: =IF(Tabela1[[#This Row],[DATA INSPECAO]]="","",IF(AND($F27="Substituido",J27>0,),"ALTA PRIORIDADE","NORMAL")) -> NORMAL
A28: 45447 | B28: - | C28: São Raimundo | D28: AEG-12 | E28: 0 | F28: Ímãs OK | G28: Primeiro Ciclo | H28: Em Operação | I28: - | J28: 0 | K28: Baixo | L28: Baixo | M28: Gerador lado upwind apresenta indicios iniciais de oxidação nos ímãs em todas as carreiras. Gerador lado downwind apresenta indicios iniciais de oxidação nos ímãs em todas as carreiras | N28: =IF(Tabela1[[#This Row],[DATA INSPECAO]]="","",IF(AND($F28="Substituido",J28>0,),"ALTA PRIORIDADE","NORMAL")) -> NORMAL
A29: 45447 | B29: 67315 | C29: São Raimundo | D29: AEG-13 | E29: 50 | F29: Substituido | G29: Primeiro Ciclo | H29: Fora de Operação | I29: 45468 | J29: 21 | K29: Baixo | L29: Alto | M29: Encontrado estufamento de ímãs nas carreiras 05, 07, 24 e 51. Encontrado inicio de estufamento de ímã na carreira 06, gabarito passa com dificudade. Gerador lado dwind apresenta indicios iniciais de oxidação nos ímãs em todas as carreiras. Gerador lado upwind apresenta indicios iniciais de oxidação nos ímãs em todas as carreiras. Gerador lado upwind apresenta indicios iniciais de desfragmentação do imã n°10 das carreiras 45, 46, 64, 63. | N29: =IF(Tabela1[[#This Row],[DATA INSPECAO]]="","",IF(AND($F29="Substituido",J29>0,),"ALTA PRIORIDADE","NORMAL")) -> NORMAL
A30: 45448 | B30: 67373 | C30: Santo Inacio III | D30: AEG-24 | E30: 30 | F30: Substituido | G30: Primeiro Ciclo | H30: Fora de Operação | I30: 45463 | J30: 15 | K30: Baixo | L30: Alto | M30: Gerador lado upwind apresenta oxidação severa em todas as carreira nos ímãs em todas as carreiras. Gerador lado downwind apresenta oxidação severa nos ímãs em todas as carreiras encontrado estufamento de ímãs nas carreiras 02, 52 e 118 de ímãs. | N30: =IF(Tabela1[[#This Row],[DATA INSPECAO]]="","",IF(AND($F30="Substituido",J30>0,),"ALTA PRIORIDADE","NORMAL")) -> NORMAL
A31: 45448 | B31: 67395 | C31: Santo Inacio III | D31: AEG-26 | E31: 10 | F31: Substituido | G31: Primeiro Ciclo | H31: Fora de Operação | I31: 45458 | J31: 10 | K31: Baixo | L31: Alto | M31: Encontrado estufamento de ímãs na carreira 01. Gerador lado dwind apresenta indicios iniciais de oxidação nos ímãs em todas as carreiras. Gerador lado upwind apresenta indicios iniciais de oxidação nos ímãs em todas as carreiras. Calhas metalica de proteção de ímã com deformação mecanica no lado upwind. Calha metalica de proteção de imã da carreira 15 com avaria na parte frontal. | N31: =IF(Tabela1[[#This Row],[DATA INSPECAO]]="","",IF(AND($F31="Substituido",J31>0,),"ALTA PRIORIDADE","NORMAL")) -> NORMAL
A32: 45449 | B32: - | C32: Santo Inacio III | D32: AEG-20 | E32: 0 | F32: Ímãs OK | G32: Primeiro Ciclo | H32: Em Operação | I32: - | J32: 0 | K32: Baixo | L32: Baixo | M32: Gerador lado downwind apresenta indicios iniciais de oxidação nos ímãs em todas as carreiras. Gerador lado upwind apresenta indicios iniciais de oxidação nos ímãs em todas as carreiras. | N32: =IF(Tabela1[[#This Row],[DATA INSPECAO]]="","",IF(AND($F32="Substituido",J32>0,),"ALTA PRIORIDADE","NORMAL")) -> NORMAL
A33: 45449 | B33: - | C33: Santo Inacio III | D33: AEG-27 | E33: 0 | F33: Ímãs OK | G33: Primeiro Ciclo | H33: Em Operação | I33: - | J33: 0 | K33: Médio | L33: Médio | M33: Gerador lado upwind apresenta oxidação nos ímãs em todas as carreiras. Gerador lado downwind apresenta oxidação severa nos ímãs em todas as carreiras | N33: =IF(Tabela1[[#This Row],[DATA INSPECAO]]="","",IF(AND($F33="Substituido",J33>0,),"ALTA PRIORIDADE","NORMAL")) -> NORMAL
A34: 45450 | B34: - | C34: Santo Inacio III | D34: AEG-21 | E34: 0 | F34: Ímãs OK | G34: Primeiro Ciclo | H34: Em Operação | I34: - | J34: 0 | K34: Baixo | L34: Baixo | M34: Gerador lado downwind apresenta indicios iniciais de oxidação nos ímãs em todas as carreiras. Gerador lado upwind apresenta indicios iniciais de oxidação nos ímãs em todas as carreiras. Calha de proteção de ímã com avaria na parte frontal nas carreiras 44 e 45. | N34: =IF(Tabela1[[#This Row],[DATA INSPECAO]]="","",IF(AND($F34="Substituido",J34>0,),"ALTA PRIORIDADE","NORMAL")) -> NORMAL
A35: 45450 | B35: - | C35: Santo Inacio III | D35: AEG-23 | E35: 0 | F35: Ímãs OK | G35: Primeiro Ciclo | H35: Em Operação | I35: - | J35: 0 | K35: Médio | L35: Médio | M35: Gerador lado upwind apresenta oxidação nos ímãs em todas as carreiras. Gerador lado downwind apresenta oxidação nos ímãs em todas as carreiras | N35: =IF(Tabela1[[#This Row],[DATA INSPECAO]]="","",IF(AND($F35="Substituido",J35>0,),"ALTA PRIORIDADE","NORMAL")) -> NORMAL
A36: 45453 | B36: 67613 | C36: Santo Inacio III | D36: AEG-07 | E36: 30 | F36: Substituido | G36: Primeiro Ciclo | H36: Fora de Operação | I36: 45469 | J36: 16 | K36: Baixo | L36: Alto | M36: Gerador lado UpWind apresenta indicios iniciais de oxidação nos ímãs em todas as carreiras. Gerador lado downwind apresenta oxidação severa nos ímãs em todas as carreiras 05, 33 e 120 de ímãs, não passou no gabarito de 04 mm no entre ferro do gerador. | N36: =IF(Tabela1[[#This Row],[DATA INSPECAO]]="","",IF(AND($F36="Substituido",J36>0,),"ALTA PRIORIDADE","NORMAL")) -> NORMAL
A37: 45454 | B37: - | C37: Santo Inacio IV | D37: AEG-37 | E37: 0 | F37: Ímãs OK | G37: Primeiro Ciclo | H37: Em Operação | I37: - | J37: 0 | K37: Médio | L37: Baixo | M37: Gerador lado upwind apresenta indicios iniciais de oxidação nos ímãs em todas as carreiras. Gerador lado downwind apresenta oxidação nos ímãs em todas as carreiras. | N37: =IF(Tabela1[[#This Row],[DATA INSPECAO]]="","",IF(AND($F37="Substituido",J37>0,),"ALTA PRIORIDADE","NORMAL")) -> NORMAL
A38: 45454 | B38: 67656 | C38: Garrote | D38: AEG-44 | E38: 20 | F38: Substituido | G38: Primeiro Ciclo | H38: Fora de Operação | I38: 45462 | J38: 8 | K38: Alto | L38: Alto | M38: Durante inspeção de rotina para avaliar os ímãs/entreferro no Gerador, em especial nas carreiras 103 e 104. Foi constatado estufamento de ímã nacarreira 103 e 104. Após substituição dos Imãs a turbina foi colocada em operção. | N38: =IF(Tabela1[[#This Row],[DATA INSPECAO]]="","",IF(AND($F38="Substituido",J38>0,),"ALTA PRIORIDADE","NORMAL")) -> NORMAL
A39: 45455 | B39: - | C39: Santo Inacio IV | D39: AEG-40 | E39: 0 | F39: Ímãs OK | G39: Primeiro Ciclo | H39: Em Operação | I39: - | J39: 0 | K39: Médio | L39: Baixo | M39: Gerador lado upwind apresenta indicios iniciais de oxidação nos ímãs em todas as carreiras. Gerador lado downwind apresenta oxidação nos ímãs em todas as carreiras. | N39: =IF(Tabela1[[#This Row],[DATA INSPECAO]]="","",IF(AND($F39="Substituido",J39>0,),"ALTA PRIORIDADE","NORMAL")) -> NORMAL
A40: 45456 | B40: - | C40: Santo Inacio IV | D40: AEG-02 | E40: 0 | F40: Ímãs OK | G40: Primeiro Ciclo | H40: Em Operação | I40: - | J40: 0 | K40: Baixo | L40: Baixo | M40: Gerador lado DownWind e UpWind apresenta indicios iniciais de oxidação nos ímãs em todas as carreiras. 13/06/2024 | N40: =IF(Tabela1[[#This Row],[DATA INSPECAO]]="","",IF(AND($F40="Substituido",J40>0,),"ALTA PRIORIDADE","NORMAL")) -> NORMAL
A41: 45457 | B41: 68766 | C41: Santo Inacio IV | D41: AEG-30 | E41: 10 | F41: Substituido | G41: Primeiro Ciclo | H41: Em Operação | I41: 45481 | J41: 0 | K41: Baixo | L41: Médio | M41: Gerador lado upwind apresenta oxidação nos ímãs em todas as carreiras. Gerador lado downwind apresenta indicios iniciais desfragmentação na carreira 11, 15, 21, 49, 66, 80 e 88 de imãs. Gerador lado downwind apresenta oxidação nos ímãs em todas as carreiras. Gerador lado downwind apresenta desfragmentação em estagio avançado na carreira 57, porém, gabarito passa com um pouco de dificuldade. | N41: =IF(Tabela1[[#This Row],[DATA INSPECAO]]="","",IF(AND($F41="Substituido",J41>0,),"ALTA PRIORIDADE","NORMAL")) -> NORMAL
A42: 45460 | B42: - | C42: Santo Inacio IV | D42: AEG-32 | E42: 0 | F42: Ímãs OK | G42: Primeiro Ciclo | H42: Em Operação | I42: - | J42: 0 | K42: Baixo | L42: Baixo | M42: Gerador lado downwind apresenta indicios iniciais de oxidação nos ímãs em todas as carreiras. Gerador lado upwind apresenta indicios iniciais de oxidação nos ímãs em todas as carreiras. Calha de proteção de ímã com avaria na parte frontal nas carreiras 01, 12, 24, 34, 45, 46, 56, 67 e 91. | N42: =IF(Tabela1[[#This Row],[DATA INSPECAO]]="","",IF(AND($F42="Substituido",J42>0,),"ALTA PRIORIDADE","NORMAL")) -> NORMAL
A43: 45461 | B43: - | C43: Santo Inacio IV | D43: AEG-38 | E43: 0 | F43: Ímãs OK | G43: Primeiro Ciclo | H43: Em Operação | I43: - | J43: 0 | K43: Baixo | L43: Baixo | M43: Gerador lado downwind apresenta indicios iniciais de oxidação nos ímãs em todas as carreiras. Gerador lado upwind apresenta indicios iniciais de oxidação nos ímãs em todas as carreiras. | N43: =IF(Tabela1[[#This Row],[DATA INSPECAO]]="","",IF(AND($F43="Substituido",J43>0,),"ALTA PRIORIDADE","NORMAL")) -> NORMAL
A44: 45462 | B44: - | C44: Santo Inacio IV | D44: AEG-03 | E44: 0 | F44: Ímãs OK | G44: Primeiro Ciclo | H44: Em Operação | I44: - | J44: 0 | K44: Baixo | L44: Baixo | M44: No relatorio de inspeção do primeiro ciclo foi apontado indicios iniciais de oxidação nos lados UpWind e DownWind. Também foi apontado dano nas calhas frontais das carreiras 89 e 102. | N44: =IF(Tabela1[[#This Row],[DATA INSPECAO]]="","",IF(AND($F44="Substituido",J44>0,),"ALTA PRIORIDADE","NORMAL")) -> NORMAL
A45: 45463 | B45: - | C45: Santo Inacio IV | D45: AEG-42 | E45: 0 | F45: Ímãs OK | G45: Primeiro Ciclo | H45: Em Operação | I45: - | J45: 0 | K45: Baixo | L45: Baixo | M45: Gerador lado downwind apresenta indicios iniciais de oxidação nos ímãs em todas as carreiras. Gerador lado upwind apresenta indicios iniciais de oxidação nos ímãs em todas as carreiras. | N45: =IF(Tabela1[[#This Row],[DATA INSPECAO]]="","",IF(AND($F45="Substituido",J45>0,),"ALTA PRIORIDADE","NORMAL")) -> NORMAL
A46: 45464 | B46: 68028 | C46: Santo Inacio III | D46: AEG-28 | E46: 50 | F46: Substituido | G46: Primeiro Ciclo | H46: Fora de Operação | I46: 45475 | J46: 11 | K46: Alto | L46: Baixo | M46: Encontrado estufamento de ímãs nas carreiras 45, 66 e 78. Inicio de estufamento de ímãs nas carreiras 26 e 64, gabarito passa com dificudade. Gerador lado dwind apresenta oxidação crítica nos ímãs n°10 em todas as carreiras. Gerador lado upwind apresenta indicios iniciais de oxidação nos ímãs em todas as carreiras. | N46: =IF(Tabela1[[#This Row],[DATA INSPECAO]]="","",IF(AND($F46="Substituido",J46>0,),"ALTA PRIORIDADE","NORMAL")) -> NORMAL
A47: 45488 | B47: - | C47: Santo Inacio III | D47: AEG-25 | E47: 32 | F47: Substituido | G47: Troca de Spindle | H47: Fora de Operação | I47: 45500 | J47: 12 | K47: Baixo | L47: Alto | M47: Foi realizado a substituição do Spindle, como também de 32 Imãs, porém não foi repassado de quais carreiras. | N47: =IF(Tabela1[[#This Row],[DATA INSPECAO]]="","",IF(AND($F47="Substituido",J47>0,),"ALTA PRIORIDADE","NORMAL")) -> NORMAL
A48: 45589 | B48: - | C48: São Raimundo | D48: AEG-08 | E48: 3 | F48: Substituido | G48: Troca de Spindle | H48: Fora de Operação | I48: 45624 | J48: 35 | K48: Baixo | L48: Alto | M48: Foi substituido o Spindle, como também substituido 03 Imãs. | N48: =IF(Tabela1[[#This Row],[DATA INSPECAO]]="","",IF(AND($F48="Substituido",J48>0,),"ALTA PRIORIDADE","NORMAL")) -> NORMAL
A49: 45608 | B49: - | C49: São Raimundo | D49: AEG-15 | E49: 0 | F49: Ímãs OK | G49: Segundo Ciclo | H49: Em Operação | I49: - | J49: 0 | K49: Baixo | L49: Baixo | M49: Gerador lado dwind apresenta indicios iniciais de oxidação nos ímãs em todas as carreiras. Gerador lado upwind apresenta indicios iniciais de oxidação nos ímãs em todas as carreiras. | N49: =IF(Tabela1[[#This Row],[DATA INSPECAO]]="","",IF(AND($F49="Substituido",J49>0,),"ALTA PRIORIDADE","NORMAL")) -> NORMAL
A50: 45608 | B50: - | C50: São Raimundo | D50: AEG-19 | E50: 0 | F50: Ímãs OK | G50: Segundo Ciclo | H50: Em Operação | I50: - | J50: 0 | K50: Baixo | L50: Baixo | M50: Gerador lado downwind apresenta indicios iniciais de oxidação nos ímãs em todas as carreiras | N50: =IF(Tabela1[[#This Row],[DATA INSPECAO]]="","",IF(AND($F50="Substituido",J50>0,),"ALTA PRIORIDADE","NORMAL")) -> NORMAL
A51: 45608 | B51: - | C51: Garrote | D51: AEG-35 | E51: 20 | F51: Substituido | G51: Segundo Ciclo | H51: Em Operação | I51: 45635 | J51: - | K51: Baixo | L51: Alto | M51: Gerador lado downwind apresenta indicios iniciais de oxidação nos ímãs em todas as carreirasa carreira de numero 01 são de imas novos porem precisa ser realizado a verificação da calha. Foi substituído as carreiras de imas 10 e 24. | N51: =IF(Tabela1[[#This Row],[DATA INSPECAO]]="","",IF(AND($F51="Substituido",J51>0,),"ALTA PRIORIDADE","NORMAL")) -> NORMAL
A52: 45609 | B52: - | C52: São Raimundo | D52: AEG-16 | E52: 0 | F52: Ímãs OK | G52: Segundo Ciclo | H52: Em Operação | I52: - | J52: 0 | K52: Baixo | L52: Baixo | M52: Gerador lado downwind apresenta indicios iniciais de oxidação nos ímãs em todas as carreiras | N52: =IF(Tabela1[[#This Row],[DATA INSPECAO]]="","",IF(AND($F52="Substituido",J52>0,),"ALTA PRIORIDADE","NORMAL")) -> NORMAL
A53: 45609 | B53: - | C53: São Raimundo | D53: AEG-17 | E53: 0 | F53: Ímãs OK | G53: Segundo Ciclo | H53: Em Operação | I53: - | J53: 0 | K53: Baixo | L53: Baixo | M53: Gerador lado upwind apresenta indicios iniciais de oxidação nos ímãs em todas as carreiras. Gerador lado downwind apresenta indicios iniciais de oxidação nos ímãs em todas as carreiras. | N53: =IF(Tabela1[[#This Row],[DATA INSPECAO]]="","",IF(AND($F53="Substituido",J53>0,),"ALTA PRIORIDADE","NORMAL")) -> NORMAL
A54: 45610 | B54: - | C54: Santo Inacio III | D54: AEG-21 | E54: 0 | F54: Ímãs OK | G54: Segundo Ciclo | H54: Em Operação | I54: - | J54: 0 | K54: Baixo | L54: Baixo | M54: Gerador lado downwind apresenta indicios iniciais de oxidação nos ímãs em todas as carreiras, gerador lado upwind apresenta indicios iniciais de oxidação nos ímãs em todas as carreiras. Calhas de proteção de ímã com avaria na parte frontal nas carreiras 44, 45 e 85. Calha 85 de proteção do ímã lado upwind estava com resistência na passagem do gabarito. Foi realizado procedimento para distanciar e o gabarito passou com facilidade. | N54: =IF(Tabela1[[#This Row],[DATA INSPECAO]]="","",IF(AND($F54="Substituido",J54>0,),"ALTA PRIORIDADE","NORMAL")) -> NORMAL
A55: 45610 | B55: - | C55: Santo Inacio III | D55: AEG-25 | E55: 0 | F55: Ímãs OK | G55: Segundo Ciclo | H55: Em Operação | I55: - | J55: 0 | K55: Baixo | L55: Baixo | M55: Sem observações por parte da Equipe WEG. | N55: =IF(Tabela1[[#This Row],[DATA INSPECAO]]="","",IF(AND($F55="Substituido",J55>0,),"ALTA PRIORIDADE","NORMAL")) -> NORMAL
A56: 45615 | B56: - | C56: São Raimundo | D56: AEG-09 | E56: 0 | F56: Ímãs OK | G56: Segundo Ciclo | H56: Em Operação | I56: - | J56: 0 | K56: Baixo | L56: Baixo | M56: Gerador lado downwind apresenta indicios iniciais de oxidação nos ímãs em todas as carreiras | N56: =IF(Tabela1[[#This Row],[DATA INSPECAO]]="","",IF(AND($F56="Substituido",J56>0,),"ALTA PRIORIDADE","NORMAL")) -> NORMAL
A57: 45616 | B57: - | C57: São Raimundo | D57: AEG-08 | E57: 0 | F57: Ímãs OK | G57: Segundo Ciclo | H57: Em Operação | I57: - | J57: 0 | K57: Baixo | L57: Baixo | M57: Sem observações por parte da Equipe WEG. | N57: =IF(Tabela1[[#This Row],[DATA INSPECAO]]="","",IF(AND($F57="Substituido",J57>0,),"ALTA PRIORIDADE","NORMAL")) -> NORMAL
A58: 45616 | B58: - | C58: Santo Inacio III | D58: AEG-23 | E58: 0 | F58: Ímãs OK | G58: Segundo Ciclo | H58: Em Operação | I58: - | J58: 0 | K58: Médio | L58: Médio | M58: Gerador lado upwind apresenta oxidação nos ímãs em todas as carreiras. Gerador lado downwind apresenta oxidação nos ímãs em todas as carreiras | N58: =IF(Tabela1[[#This Row],[DATA INSPECAO]]="","",IF(AND($F58="Substituido",J58>0,),"ALTA PRIORIDADE","NORMAL")) -> NORMAL
A59: 45617 | B59: - | C59: São Raimundo | D59: AEG-12 | E59: 0 | F59: Ímãs OK | G59: Segundo Ciclo | H59: Em Operação | I59: - | J59: 0 | K59: Baixo | L59: Baixo | M59: Gerador lado upwind apresenta indicios iniciais de oxidação nos ímãs em todas as carreiras, na ultima insperção (04/06/2024). Gerador lado downwind apresenta indicios iniciais de oxidação nos ímãs em todas as carreiras | N59: =IF(Tabela1[[#This Row],[DATA INSPECAO]]="","",IF(AND($F59="Substituido",J59>0,),"ALTA PRIORIDADE","NORMAL")) -> NORMAL
A60: 45617 | B60: - | C60: Garrote | D60: AEG-39 | E60: 0 | F60: Ímãs OK | G60: Segundo Ciclo | H60: Em Operação | I60: - | J60: 0 | K60: Médio | L60: Médio | M60: Houve dificuldade na inspeção devido o gabarito passar entre algumas calhas e outras não devido as emendas das calhas de proteção do estator não estarem totalmente uniforme. porém, gabarito passa na parte inferior de todas as calhas metalica de proteção do ímã. Gerador lado downwind apresenta oxidação em estagio avançado em todas as carreiras de ímã. Gerador lado upwind apresenta oxidação em estagio inicial em todas as carreiras de ímã. | N60: =IF(Tabela1[[#This Row],[DATA INSPECAO]]="","",IF(AND($F60="Substituido",J60>0,),"ALTA PRIORIDADE","NORMAL")) -> NORMAL
A61: 45619 | B61: - | C61: Santo Inacio IV | D61: AEG-33 | E61: 0 | F61: Ímãs OK | G61: Segundo Ciclo | H61: Em Operação | I61: - | J61: 0 | K61: Baixo | L61: Baixo | M61: Gerador lado upwind apresenta indicios iniciais de oxidação nos ímãs em todas as carreiras (19/07/24 ). Gerador lado downwind apresenta indicios iniciais de oxidação nos ímãs em todas as carreiras. | N61: =IF(Tabela1[[#This Row],[DATA INSPECAO]]="","",IF(AND($F61="Substituido",J61>0,),"ALTA PRIORIDADE","NORMAL")) -> NORMAL
A62: 45619 | B62: - | C62: Santo Inacio IV | D62: AEG-36 | E62: 20 | F62: Substituido | G62: Segundo Ciclo | H62: Em Operação | I62: 45639 | J62: - | K62: Baixo | L62: Alto | M62: Foi realizado inspeção visual nos ímãs e também passagem do gabarito de 4mm de altura por 1.000mm de comprimento no entreferro do Gerador e sendo visualizado que as calhas nº 15 e 39 estão com a calha iniciando estufamento de ímã ou de calha precisando ser alinhada (engomadas). Tendo a necessidade de uma corretiva programa para correção da passagem do gabarito no entreferros sem dificuldade. - indícios de oxidação nos imãs | N62: =IF(Tabela1[[#This Row],[DATA INSPECAO]]="","",IF(AND($F62="Substituido",J62>0,),"ALTA PRIORIDADE","NORMAL")) -> NORMAL
A63: 45621 | B63: - | C63: Santo Inacio III | D63: AEG-20 | E63: 0 | F63: Ímãs OK | G63: Segundo Ciclo | H63: Em Operação | I63: - | J63: 0 | K63: Baixo | L63: Baixo | M63: Gerador lado downwind apresenta indicios iniciais de oxidação nos ímãs em todas as carreiras. Gerador lado upwind apresenta indicios iniciais de oxidação nos ímãs em todas as carreiras. | N63: =IF(Tabela1[[#This Row],[DATA INSPECAO]]="","",IF(AND($F63="Substituido",J63>0,),"ALTA PRIORIDADE","NORMAL")) -> NORMAL
A64: 45622 | B64: 75616 | C64: Garrote | D64: AEG-44 | E64: 3 | F64: Substituido | G64: Troca de Spindle | H64: Fora de Operação | I64: 45643 | J64: 21 | K64: Alto | L64: Alto | M64: Foi realizado a substituição do Spindle, como também de 3 Imãs, porém não foi repassado de quais carreiras. | N64: =IF(Tabela1[[#This Row],[DATA INSPECAO]]="","",IF(AND($F64="Substituido",J64>0,),"ALTA PRIORIDADE","NORMAL")) -> NORMAL
A65: 45623 | B65: - | C65: Garrote | D65: AEG-01 | E65: 0 | F65: Ímãs OK | G65: Segundo Ciclo | H65: Em Operação | I65: - | J65: 0 | K65: Baixo | L65: Baixo | M65: Calha metalica de proteção do ímã da carreira 102 com avaria na região frontal. Gerador lado DownWind e UpWind apresenta indicios iniciais de oxidação nos ímãs em todas as carreiras (inspeção realizada na data 27/05/2024). | N65: =IF(Tabela1[[#This Row],[DATA INSPECAO]]="","",IF(AND($F65="Substituido",J65>0,),"ALTA PRIORIDADE","NORMAL")) -> NORMAL
A66: 45623 | B66: - | C66: Santo Inacio III | D66: AEG-22 | E66: 0 | F66: Ímãs OK | G66: Segundo Ciclo | H66: Em Operação | I66: - | J66: 0 | K66: Baixo | L66: Baixo | M66: Gerador lado downwind apresenta indicios iniciais de oxidação nos ímãs em todas as carreiras. Gerador lado upwind apresenta indicios iniciais de oxidação nos ímãs em todas as carreiras. | N66: =IF(Tabela1[[#This Row],[DATA INSPECAO]]="","",IF(AND($F66="Substituido",J66>0,),"ALTA PRIORIDADE","NORMAL")) -> NORMAL
A67: 45623 | B67: - | C67: Santo Inacio IV | D67: AEG-32 | E67: 0 | F67: Ímãs OK | G67: Segundo Ciclo | H67: Em Operação | I67: - | J67: 0 | K67: Baixo | L67: Baixo | M67: Gerador lado downwind apresenta indicios iniciais de oxidação nos ímãs em todas as carreiras. Gerador lado upwind apresenta indicios iniciais de oxidação nos ímãs em todas as carreiras. Calha de proteção de ímã com avaria na parte frontal nas carreiras 01,12,24,34,45,46,56,67,91. | N67: =IF(Tabela1[[#This Row],[DATA INSPECAO]]="","",IF(AND($F67="Substituido",J67>0,),"ALTA PRIORIDADE","NORMAL")) -> NORMAL
A68: 45623 | B68: - | C68: Garrote | D68: AEG-47 | E68: 0 | F68: Ímãs OK | G68: Segundo Ciclo | H68: Em Operação | I68: - | J68: 0 | K68: Baixo | L68: Baixo | M68: Gerador lado downwind apresenta indicios de oxidação nos ímãs de todas as carreiras, gabarito passa com facilidade (22/05/2024 ). Gerador lado upwind apresenta indicios iniciais de oxidação em todas as carreiras de ímã. Calha metalica de proteção do ímã das carreiras 49, 56 com pequenas avarias da região frontal | N68: =IF(Tabela1[[#This Row],[DATA INSPECAO]]="","",IF(AND($F68="Substituido",J68>0,),"ALTA PRIORIDADE","NORMAL")) -> NORMAL
A69: 45624 | B69: - | C69: Santo Inacio III | D69: AEG-06 | E69: 0 | F69: Ímãs OK | G69: Segundo Ciclo | H69: Em Operação | I69: - | J69: 0 | K69: Baixo | L69: Baixo | M69: Gerador lado downwind apresenta indicios iniciais de oxidação nos ímãs em todas as carreiras, a carreira n°35 apresentou dificuldade na passagem do gabarito, porém, foi identificado que a carreira já tem ímãs novos trocado de outra intervenção e observado que a calha metalica de proteção está de forma ondulada devido o evento de estufamento de ímã. | N69: =IF(Tabela1[[#This Row],[DATA INSPECAO]]="","",IF(AND($F69="Substituido",J69>0,),"ALTA PRIORIDADE","NORMAL")) -> NORMAL
A70: 45624 | B70: - | C70: Santo Inacio III | D70: AEG-07 | E70: 0 | F70: Ímãs OK | G70: Segundo Ciclo | H70: Em Operação | I70: - | J70: 0 | K70: Baixo | L70: Baixo | M70: Gerador lado downwind apresenta indicios de oxidação nos ímãs de todas as carreiras, gabarito passa com facilidade. Gerador lado upwind apresenta indicios iniciais de oxidação em todas as carreiras de ímã. (10/06/24 ).calha metalica de proteção do ímã das carreiras 5,33 e 120 com pequenas avarias da região frontal | N70: =IF(Tabela1[[#This Row],[DATA INSPECAO]]="","",IF(AND($F70="Substituido",J70>0,),"ALTA PRIORIDADE","NORMAL")) -> NORMAL
A71: 45624 | B71: - | C71: São Raimundo | D71: AEG-10 | E71: 0 | F71: Ímãs OK | G71: Segundo Ciclo | H71: Em Operação | I71: - | J71: 0 | K71: Baixo | L71: Baixo | M71: Gerador lado downwind apresenta indicios iniciais de oxidação nos ímãs em todas as carreiras. Gerador lado upwind apresenta indicios iniciais de oxidação nos ímãs em todas as carreiras, foi visto na ultima inspeção (03/06/2024). | N71: =IF(Tabela1[[#This Row],[DATA INSPECAO]]="","",IF(AND($F71="Substituido",J71>0,),"ALTA PRIORIDADE","NORMAL")) -> NORMAL
A72: 45624 | B72: - | C72: São Raimundo | D72: AEG-18 | E72: 0 | F72: Ímãs OK | G72: Segundo Ciclo | H72: Em Operação | I72: - | J72: 0 | K72: Baixo | L72: Baixo | M72: Gerador lado downwind apresenta indicios iniciais de oxidação nos ímãs em todas as carreiras, na passagem do gabarito foi observado uma certa resistência, mas foi visto que não é estufamento de imã. | N72: =IF(Tabela1[[#This Row],[DATA INSPECAO]]="","",IF(AND($F72="Substituido",J72>0,),"ALTA PRIORIDADE","NORMAL")) -> NORMAL
A73: 45624 | B73: - | C73: Santo Inacio IV | D73: AEG-37 | E73: 0 | F73: Ímãs OK | G73: Segundo Ciclo | H73: Em Operação | I73: - | J73: 0 | K73: Médio | L73: Baixo | M73: Gerador lado upwind apresenta indicios iniciais de oxidação nos ímãs em todas as carreiras ( inspeção realizada na data 11/06/2024). Gerador lado downwind apresenta oxidação nos ímãs em todas as carreiras. | N73: =IF(Tabela1[[#This Row],[DATA INSPECAO]]="","",IF(AND($F73="Substituido",J73>0,),"ALTA PRIORIDADE","NORMAL")) -> NORMAL
A74: 45625 | B74: - | C74: São Raimundo | D74: AEG-13 | E74: 0 | F74: Ímãs OK | G74: Segundo Ciclo | H74: Em Operação | I74: - | J74: 0 | K74: Baixo | L74: Baixo | M74: Encontrado ondulação de calha nas carreiras 05, 06,07,24,51. (obs; essas carreiras já foram substituidos os imãs, com isso sendo necessario apenas engomagem. Gerador lado downwind apresenta indicios iniciais de oxidação nos ímãs em todas as carreiras. Gerador lado upwind apresenta indicios iniciais de oxidação nos ímãs em todas as carreiras. (inspeção realizada na data 04/06/2024). Gerador lado upwind apresenta indicios iniciais de desfragmentação do imã n°10 das carreiras 45,46,64,63. (inspeção realizada na data 04/06/2024). | N74: =IF(Tabela1[[#This Row],[DATA INSPECAO]]="","",IF(AND($F74="Substituido",J74>0,),"ALTA PRIORIDADE","NORMAL")) -> NORMAL
A75: 45626 | B75: - | C75: São Raimundo | D75: AEG-11 | E75: 0 | F75: Ímãs OK | G75: Segundo Ciclo | H75: Em Operação | I75: - | J75: 0 | K75: Baixo | L75: Baixo | M75: gerador lado dowind apresenta inicios de oxidação nos ímãs em todas as carreiras. Gerador lado upwind apresenta indicios iniciais de oxidação nos ímãs em todas as carreiras. (03/06/2024) | N75: =IF(Tabela1[[#This Row],[DATA INSPECAO]]="","",IF(AND($F75="Substituido",J75>0,),"ALTA PRIORIDADE","NORMAL")) -> NORMAL
A76: 45628 | B76: - | C76: Santo Inacio III | D76: AEG-29 | E76: 0 | F76: Ímãs OK | G76: Segundo Ciclo | H76: Em Operação | I76: - | J76: 0 | K76: Baixo | L76: Baixo | M76: Obs.: Apontado em relatorio que falta calha de proteção dos Imãs das carreiras 06 a 31. | N76: =IF(Tabela1[[#This Row],[DATA INSPECAO]]="","",IF(AND($F76="Substituido",J76>0,),"ALTA PRIORIDADE","NORMAL")) -> NORMAL
... A78: 45629 | B78: - | C78: Garrote | D78: AEG-14 | E78: 0 | F78: Ímãs OK | G78: Segundo Ciclo | H78: Em Operação | I78: - | J78: 0 | K78: Baixo | L78: Baixo | M78: Calha metalica de proteção do ímã da carreira 113 com pequenas avarias da região frontal. Gerador lado downwind apresenta indicios iniciais de oxidação nos ímãs em todas as carreiras. | N78: =IF(Tabela1[[#This Row],[DATA INSPECAO]]="","",IF(AND($F78="Substituido",J78>0,),"ALTA PRIORIDADE","NORMAL")) -> NORMAL
A79: 45629 | B79: - | C79: Santo Inacio III | D79: AEG-26 | E79: 10 | F79: Substituido | G79: Segundo Ciclo | H79: Em Operação | I79: 45632 | J79: 0 | K79: Baixo | L79: Baixo | M79: Carreira 01, com imãs novos. Gerador lado dwind apresenta indicios iniciais de oxidação nos ímãs emtodas as carreiras. Gerador lado upwind apresenta indicios iniciais de oxidação nos ímãs em todas as carreiras. (inspeção realizada na data 05/06/2024). Calhas metalica de proteção de ímã com deformação mecanica no ladoupwind. (inspeção realizada na data 05/06/2024). Substituído a carreira 21 e alinhado as carreiras 12 e 08. | N79: =IF(Tabela1[[#This Row],[DATA INSPECAO]]="","",IF(AND($F79="Substituido",J79>0,),"ALTA PRIORIDADE","NORMAL")) -> NORMAL
A80: 45629 | B80: - | C80: Santo Inacio IV | D80: AEG-38 | E80: 0 | F80: Ímãs OK | G80: Segundo Ciclo | H80: Em Operação | I80: - | J80: 0 | K80: Baixo | L80: Baixo | M80: Gerador lado downwind apresenta indicios iniciais de oxidação nos ímãs em todas as carreiras. Gerador lado upwind apresenta indicios iniciais de oxidação nos ímãs em todas as carreiras. | N80: =IF(Tabela1[[#This Row],[DATA INSPECAO]]="","",IF(AND($F80="Substituido",J80>0,),"ALTA PRIORIDADE","NORMAL")) -> NORMAL
A81: 45629 | B81: - | C81: Garrote | D81: AEG-46 | E81: 0 | F81: Ímãs OK | G81: Segundo Ciclo | H81: Em Operação | I81: - | J81: 0 | K81: Baixo | L81: Baixo | M81: Carreiras 22 e 23 com imãs novos. Calha metalica de proteção do ímã da carreira 45 com pequenas avarias da região frontal. Gerador lado upwind apresenta indicios iniciais de oxidação nos ímãs em todas as carreiras (inspeção realizada na data 21/05/2024). | N81: =IF(Tabela1[[#This Row],[DATA INSPECAO]]="","",IF(AND($F81="Substituido",J81>0,),"ALTA PRIORIDADE","NORMAL")) -> NORMAL
A82: 45630 | B82: 67373 | C82: Santo Inacio III | D82: AEG-24 | E82: 10 | F82: Substituido | G82: Segundo Ciclo | H82: Em Operação | I82: 45631 | J82: 0 | K82: Baixo | L82: Alto | M82: Gerador lado upwind apresenta oxidação em todas as carreira nos ímãs. Gerador lado downwind apresenta oxidação nos ímãs em todas as carreiras. Substituição dos ímãs na carreira 45 de ímãs. | N82: =IF(Tabela1[[#This Row],[DATA INSPECAO]]="","",IF(AND($F82="Substituido",J82>0,),"ALTA PRIORIDADE","NORMAL")) -> NORMAL
A83: 45630 | B83: - | C83: Santo Inacio III | D83: AEG-27 | E83: 0 | F83: Ímãs OK | G83: Segundo Ciclo | H83: Em Operação | I83: - | J83: 0 | K83: Médio | L83: Médio | M83: Gerador lado upwind apresenta oxidação nos ímãs em todas as carreiras. (inspeção realizada na data 06/06/2024). Gerador lado downwind apresenta oxidação severa nos ímãs em todas as carreiras | N83: =IF(Tabela1[[#This Row],[DATA INSPECAO]]="","",IF(AND($F83="Substituido",J83>0,),"ALTA PRIORIDADE","NORMAL")) -> NORMAL
A84: 45630 | B84: - | C84: Santo Inacio IV | D84: AEG-34 | E84: 0 | F84: Ímãs OK | G84: Segundo Ciclo | H84: Em Operação | I84: 45630 | K84: Médio | L84: Baixo | M84: Gerador lado upwind apresenta indicios iniciais de oxidação nos ímãs em todas as carreiras. Gerador lado downwind apresenta oxidação nos ímãs em todas as carreiras, foi visto na ultima inspeção (29/05/2024). Carreira n°57 e 64 apresentou dificuldade na passagem do gabarito, porém, foi identificado que a carreira já têm ímãs novos trocado de outra intervenção e observado que a calha metalica de proteção está de forma ondulada devido o evento de estufamento de ímã. Foi indetificado algumas calhar danificada do n°56,57,58,61,63 e 64. | N84: =IF(Tabela1[[#This Row],[DATA INSPECAO]]="","",IF(AND($F84="Substituido",J84>0,),"ALTA PRIORIDADE","NORMAL")) -> NORMAL
A85: 45631 | B85: - | C85: Santo Inacio IV | D85: AEG-40 | E85: 0 | F85: Ímãs OK | G85: Segundo Ciclo | H85: Em Operação | I85: - | J85: 0 | K85: Médio | L85: Baixo | M85: Gerador lado downwind apresenta indicios iniciais de oxidação nos ímãs em todas as carreiras | N85: =IF(Tabela1[[#This Row],[DATA INSPECAO]]="","",IF(AND($F85="Substituido",J85>0,),"ALTA PRIORIDADE","NORMAL")) -> NORMAL
A86: 45632 | B86: - | C86: Garrote | D86: AEG-41 | E86: 0 | F86: Ímãs OK | G86: Segundo Ciclo | H86: Em Operação | I86: - | J86: 0 | K86: Baixo | L86: Baixo | M86: Desplacamento de tinta na estrutura do gerador entre as carreiras 49 e 50 do lado downwind. Calha metalica de proteção do ímã da carreira 07 com pequenas avarias da região frontal. Gerador lado downwind apresenta indicios iniciais de oxidação nos ímãs em todas as carreiras. | N86: =IF(Tabela1[[#This Row],[DATA INSPECAO]]="","",IF(AND($F86="Substituido",J86>0,),"ALTA PRIORIDADE","NORMAL")) -> NORMAL
A87: 45635 | B87: - | C87: Santo Inacio III | D87: AEG-31 | E87: 10 | F87: Substituido | G87: Segundo Ciclo | H87: Fora de Operação | I87: 45636 | J87: 1 | K87: Baixo | L87: Médio | N87: =IF(Tabela1[[#This Row],[DATA INSPECAO]]="","",IF(AND($F87="Substituido",J87>0,),"ALTA PRIORIDADE","NORMAL")) -> NORMAL
A88: 45637 | B88: - | C88: Santo Inacio III | D88: AEG-05 | E88: 0 | F88: Ímãs OK | G88: Segundo Ciclo | H88: Em Operação | I88: - | J88: 0 | K88: Baixo | L88: Baixo | M88: Gerador lado DownWind e UpWind apresenta indicios de oxidação nos ímãs de todas as carreiras de ímã. | N88: =IF(Tabela1[[#This Row],[DATA INSPECAO]]="","",IF(AND($F88="Substituido",J88>0,),"ALTA PRIORIDADE","NORMAL")) -> NORMAL
A89: 45637 | B89: - | C89: Garrote | D89: AEG-44 | E89: 0 | F89: Ímãs OK | G89: Segundo Ciclo | H89: Em Operação | I89: - | J89: 0 | K89: Baixo | L89: Baixo | M89: Na data 26/11/2024 iniciou-se o processo de substituição do spindle, com isso o gerador passou por uma inspeção/correção. realizada tratamento de oxidação dos imãs, correção das calhas metalicas amassadas. | N89: =IF(Tabela1[[#This Row],[DATA INSPECAO]]="","",IF(AND($F89="Substituido",J89>0,),"ALTA PRIORIDADE","NORMAL")) -> NORMAL
A90: 45639 | B90: - | C90: Santo Inacio IV | D90: AEG-02 | E90: 0 | F90: Ímãs OK | G90: Segundo Ciclo | H90: Em Operação | I90: - | J90: 0 | K90: Baixo | L90: Baixo | M90: Gerador lado DownWind e UpWind apresenta indicios iniciais de oxidação nos ímãs em todas as carreiras. 13/06/2024 | N90: =IF(Tabela1[[#This Row],[DATA INSPECAO]]="","",IF(AND($F90="Substituido",J90>0,),"ALTA PRIORIDADE","NORMAL")) -> NORMAL
A91: 45639 | B91: - | C91: Santo Inacio III | D91: AEG-28 | E91: 0 | F91: Ímãs OK | G91: Segundo Ciclo | H91: Em Operação | I91: - | J91: 0 | K91: Baixo | L91: Baixo | M91: Sem observações por parte da Equipe WEG. | N91: =IF(Tabela1[[#This Row],[DATA INSPECAO]]="","",IF(AND($F91="Substituido",J91>0,),"ALTA PRIORIDADE","NORMAL")) -> NORMAL
A92: 45639 | B92: - | C92: Santo Inacio IV | D92: AEG-42 | E92: 0 | F92: Ímãs OK | G92: Segundo Ciclo | H92: Em Operação | I92: - | J92: 0 | K92: Baixo | L92: Baixo | M92: Gerador lado downwind apresenta indicios iniciais de oxidação nos ímãs em todas as carreiras. Gerador lado upwind apresenta indicios iniciais de oxidação nos ímãs em todas as carreiras. (inspeção realizada na data 20/06/2024) | N92: =IF(Tabela1[[#This Row],[DATA INSPECAO]]="","",IF(AND($F92="Substituido",J92>0,),"ALTA PRIORIDADE","NORMAL")) -> NORMAL
A93: 45642 | B93: - | C93: Garrote | D93: AEG-04 | E93: 0 | F93: Ímãs OK | G93: Segundo Ciclo | H93: Em Operação | I93: - | J93: 0 | K93: Baixo | L93: Baixo | M93: Calha metalica de proteção do ímã de todas as carreiras com avarias na região frontal. Gerador lado downwind apresenta indicios iniciais de oxidação nos ímãs em todas as carreiras. | N93: =IF(Tabela1[[#This Row],[DATA INSPECAO]]="","",IF(AND($F93="Substituido",J93>0,),"ALTA PRIORIDADE","NORMAL")) -> NORMAL
A94: 45642 | B94: - | C94: Garrote | D94: AEG-43 | E94: 0 | F94: Ímãs OK | G94: Segundo Ciclo | H94: Em Operação | I94: - | J94: 0 | K94: Baixo | L94: Baixo | M94: Calha metalica de proteção do ímã da carreira 20 com pequenas avarias da região frontal. Gerador lado downwind apresenta indicios iniciais de oxidação nos ímãs em todas as carreiras. Gerador lado upwind apresenta indicios iniciais de oxidação nos ímãs em todas as carreiras. | N94: =IF(Tabela1[[#This Row],[DATA INSPECAO]]="","",IF(AND($F94="Substituido",J94>0,),"ALTA PRIORIDADE","NORMAL")) -> NORMAL
A95: 45644 | B95: - | C95: Santo Inacio IV | D95: AEG-03 | E95: 0 | F95: Ímãs OK | G95: Segundo Ciclo | H95: Em Operação | I95: - | J95: 0 | K95: Baixo | L95: Baixo | M95: indicios iniciais de oxidação | N95: =IF(Tabela1[[#This Row],[DATA INSPECAO]]="","",IF(AND($F95="Substituido",J95>0,),"ALTA PRIORIDADE","NORMAL")) -> NORMAL
A96: 45644 | B96: - | C96: Garrote | D96: AEG-45 | E96: 10 | F96: Substituido | G96: Segundo Ciclo | H96: Em Operação | I96: 45645 | J96: 1 | K96: Baixo | L96: Alto | M96: Foi realizado inspeção visual nos ímãs e também passagem do gabarito de 4mm de altura por 1.000mm de comprimento no entre ferro do gerador e identificado que a carreira nº01 esta com dificuldade da passagem do gabarito tendo a necessidade de uma corretiva programada o mais breve possível . Indícios de oxidação nas carreiras lado up e donwind. As cabeceira das calhas lado dw estão com pequeno dano na entrada exceto as de nº 46, 47, 54, 55, 56, 57 e 101. Após a identificação na inspeção dos imas, foi identificado que a calha nº01 estava com dificuldade da passagem do gabarito, sendo assim foi realizado a substituição de ímãs da carreira n°01 e consumido 10 unidade de ímã. pós finalização das atividades, foi realizado a conferencia em todas as calhas passando livremente em toda roda polar no final da atividade. | N96: =IF(Tabela1[[#This Row],[DATA INSPECAO]]="","",IF(AND($F96="Substituido",J96>0,),"ALTA PRIORIDADE","NORMAL")) -> NORMAL
A97: 45733 | B97: - | C97: Garrote | D97: AEG-46 | E97: 0 | F97: Ímãs OK | G97: Terceiro Ciclo | H97: Em Operação | I97: - | J97: 0 | K97: Baixo | L97: Baixo | M97: Calha metalica de proteção do ímã da carreira 45 com pequenas avarias da região frontal. AEG não pode voltar a operar até a substituição dos ímãs. Gerador lado upwind apresenta indicios iniciais de oxidação nos ímãs em todas as carreiras (inspeção realizada na data 21/05/2024). | N97: =IF(Tabela1[[#This Row],[DATA INSPECAO]]="","",IF(AND($F97="Substituido",J97>0,),"ALTA PRIORIDADE","NORMAL")) -> NORMAL
A98: 45734 | B98: - | C98: Garrote | D98: AEG-04 | E98: 0 | F98: Ímãs OK | G98: Terceiro Ciclo | H98: Em Operação | I98: - | J98: 0 | K98: Baixo | L98: Baixo | M98: Calha metalica de proteção do ímã de todas as carreiras com avarias na região frontal. Gerador lado downwind apresenta indicios iniciais de oxidação nos ímãs em todas as carreiras. | N98: =IF(Tabela1[[#This Row],[DATA INSPECAO]]="","",IF(AND($F98="Substituido",J98>0,),"ALTA PRIORIDADE","NORMAL")) -> NORMAL
A99: 45735 | B99: - | C99: Santo Inacio IV | D99: AEG-38 | E99: 0 | F99: Ímãs OK | G99: Terceiro Ciclo | H99: Em Operação | I99: - | J99: 0 | K99: Baixo | L99: Baixo | M99: Gerador lado downwind apresenta indicios iniciais de oxidação nos ímãs em todas as carreiras. Gerador lado upwind apresenta indicios iniciais de oxidação nos ímãs em todas as carreiras. | N99: =IF(Tabela1[[#This Row],[DATA INSPECAO]]="","",IF(AND($F99="Substituido",J99>0,),"ALTA PRIORIDADE","NORMAL")) -> NORMAL
A100: 45736 | B100: - | C100: Santo Inacio IV | D100: AEG-36 | E100: 20 | F100: Substituido | G100: Terceiro Ciclo | H100: Fora de Operação | I100: 45737 | J100: 1 | K100: Baixo | L100: Alto | M100: O AEG apresentou ímãs estufados nas carreiras 90 e 92. Foi realizada a substituição dos imãs das carreiras 90 e 92 (21/03/2025). | N100: =IF(Tabela1[[#This Row],[DATA INSPECAO]]="","",IF(AND($F100="Substituido",J100>0,),"ALTA PRIORIDADE","NORMAL")) -> NORMAL
A101: 45737 | B101: - | C101: Santo Inacio IV | D101: AEG-32 | E101: 0 | F101: Ímãs OK | G101: Terceiro Ciclo | H101: Em Operação | I101: - | J101: 0 | K101: Baixo | L101: Baixo | M101: Gerador lado downwind apresenta indicios iniciais de oxidação nos ímãs em todas as carreiras. Gerador lado upwind apresenta indicios iniciais de oxidação nos ímãs em todas as carreiras. Calha de proteção de ímã com avaria na parte frontal nas carreiras 01,12,24,34,45,46,56,67,91. | N101: =IF(Tabela1[[#This Row],[DATA INSPECAO]]="","",IF(AND($F101="Substituido",J101>0,),"ALTA PRIORIDADE","NORMAL")) -> NORMAL
...

Sheet Dados_Brutos (Agregados)
A1: Data | B1: OS | C1: AEG | D1: Total_Imas | E1: Carreiras | F1: Classificação_Port | G1: Classificação_StarPort | H1: Classificação_Geral

Sheet Resumo_Turbinas
A1: TURBINA | B1: CLUSTER | C1: TOTAL IMAS TROCADOS | D1: PRIMEIRA INSPECAO | E1: ULTIMA INSPECAO | F1: STATUS ATUAL | G1: DIAS PARADA ACUMULADOS | H1: OXIDACAO BAIXA | I1: OXIDACAO MEDIA | J1: OXIDACAO ALTA | K1: NIVEL RISCO | L1: CUSTO ESTIMADO | M1: MTBF DIAS | N1: MTTR DIAS | O1: PROXIMA MANUTENCAO | P1: INDICE -PERFORMANCE
A2: AEG-01 | B2: =IF(Tabela2[[#This Row],[ TURBINA]]="","",_xlfn.XLOOKUP(Tabela2[[#This Row],[ TURBINA]],Tabela1[TURBINA],Tabela1[CLUSTER])) -> Garrote | C2: =IF(Tabela2[[#This Row],[ TURBINA]]="","",SUMIF(Dados_Brutos!D:D,A2,Dados_Brutos!E:E)) -> 0 | D2: {=IF(Tabela2[[#This Row],[ TURBINA]]="","",MIN(IF(Dados_Brutos!D:D=Tabela2[[#This Row],[ TURBINA]],Dados_Brutos!A:A)))} -> 45439 | E2: {=IF(Tabela2[[#This Row],[ TURBINA]]="","",MAX(IF(Tabela1[TURBINA] =Tabela2[[#This Row],[ TURBINA]],Tabela1[DATA INSPECAO])))} -> 45775 | F2: =IFERROR(INDEX(Dados_Brutos!H:H,MATCH(A2,Dados_Brutos!D:D,0)),"") -> Em Operação | G2: =IF(Tabela2[[#This Row],[ TURBINA]]="","",SUMIF(Dados_Brutos!D:D,A2,Dados_Brutos!J:J)) -> 0 | H2: =IF(Tabela2[[#This Row],[ TURBINA]]="","",COUNTIFS(Dados_Brutos!D:D,A2,Dados_Brutos!K:K,"*Baixo*")) -> 3 | I2: =IF(Tabela2[[#This Row],[ TURBINA]]="","",COUNTIFS(Dados_Brutos!D:D,A2,Dados_Brutos!K:K,"*Médio*")) -> 0 | J2: =IF(Tabela2[[#This Row],[ TURBINA]]="","",COUNTIFS(Dados_Brutos!D:D,A2,Dados_Brutos!K:K,"*Alto*")) -> 0 | K2: =IF(Tabela2[[#This Row],[ TURBINA]]="","",IF(AND(C2>20,J2>3),"🟥 ALTO RISCO",IF(AND(C2>10,I2>1),"🟨 MÉDIO RISCO","🟩 BAIXO RISCO"))) -> 🟩 BAIXO RISCO | L2: =Tabela2[[#This Row],[ TOTAL IMAS TROCADOS]]*Config!$B$2 -> 0 | M2: =IF(C2>0, (TODAY()-D2)/C2, "Sem dados") -> Sem dados | N2: =IF(C2>0, G2/C2, "Sem dados") -> Sem dados | O2: =IFERROR(DATE(YEAR(E2),MONTH(E2)+7,DAY(E2)),"") -> 45989 | P2: =IFERROR(1-(G2/(TODAY()-D2)),"") -> 1
A3: AEG-02 | B3: =IF(Tabela2[[#This Row],[ TURBINA]]="","",_xlfn.XLOOKUP(Tabela2[[#This Row],[ TURBINA]],Tabela1[TURBINA],Tabela1[CLUSTER])) -> Santo Inacio IV | C3: =IF(Tabela2[[#This Row],[ TURBINA]]="","",SUMIF(Dados_Brutos!D:D,A3,Dados_Brutos!E:E)) -> 0 | D3: {=IF(Tabela2[[#This Row],[ TURBINA]]="","",MIN(IF(Dados_Brutos!D:D=Tabela2[[#This Row],[ TURBINA]],Dados_Brutos!A:A)))} -> 45456 | E3: {=IF(Tabela2[[#This Row],[ TURBINA]]="","",MAX(IF(Tabela1[TURBINA] =Tabela2[[#This Row],[ TURBINA]],Tabela1[DATA INSPECAO])))} -> 45639 | F3: =IFERROR(INDEX(Dados_Brutos!H:H,MATCH(A3,Dados_Brutos!D:D,0)),"") -> Em Operação | G3: =IF(Tabela2[[#This Row],[ TURBINA]]="","",SUMIF(Dados_Brutos!D:D,A3,Dados_Brutos!J:J)) -> 0 | H3: =IF(Tabela2[[#This Row],[ TURBINA]]="","",COUNTIFS(Dados_Brutos!D:D,A3,Dados_Brutos!K:K,"*Baixo*")) -> 3 | I3: =IF(Tabela2[[#This Row],[ TURBINA]]="","",COUNTIFS(Dados_Brutos!D:D,A3,Dados_Brutos!K:K,"*Médio*")) -> 0 | J3: =IF(Tabela2[[#This Row],[ TURBINA]]="","",COUNTIFS(Dados_Brutos!D:D,A3,Dados_Brutos!K:K,"*Alto*")) -> 0 | K3: =IF(Tabela2[[#This Row],[ TURBINA]]="","",IF(AND(C3>20,J3>3),"🟥 ALTO RISCO",IF(AND(C3>10,I3>1),"🟨 MÉDIO RISCO","🟩 BAIXO RISCO"))) -> 🟩 BAIXO RISCO | L3: =Tabela2[[#This Row],[ TOTAL IMAS TROCADOS]]*Config!$B$2 -> 0 | M3: =IF(C3>0, (TODAY()-D3)/C3, "Sem dados") -> Sem dados | N3: =IF(C3>0, G3/C3, "Sem dados") -> Sem dados | O3: =IFERROR(DATE(YEAR(E3),MONTH(E3)+7,DAY(E3)),"") -> 45851 | P3: =IFERROR(1-(G3/(TODAY()-D3)),"") -> 1
A4: AEG-03 | B4: =IF(Tabela2[[#This Row],[ TURBINA]]="","",_xlfn.XLOOKUP(Tabela2[[#This Row],[ TURBINA]],Tabela1[TURBINA],Tabela1[CLUSTER])) -> Santo Inacio IV | C4: =IF(Tabela2[[#This Row],[ TURBINA]]="","",SUMIF(Dados_Brutos!D:D,A4,Dados_Brutos!E:E)) -> 0 | D4: {=IF(Tabela2[[#This Row],[ TURBINA]]="","",MIN(IF(Dados_Brutos!D:D=Tabela2[[#This Row],[ TURBINA]],Dados_Brutos!A:A)))} -> 45462 | E4: {=IF(Tabela2[[#This Row],[ TURBINA]]="","",MAX(IF(Tabela1[TURBINA] =Tabela2[[#This Row],[ TURBINA]],Tabela1[DATA INSPECAO])))} -> 45644 | F4: =IFERROR(INDEX(Dados_Brutos!H:H,MATCH(A4,Dados_Brutos!D:D,0)),"") -> Em Operação | G4: =IF(Tabela2[[#This Row],[ TURBINA]]="","",SUMIF(Dados_Brutos!D:D,A4,Dados_Brutos!J:J)) -> 0 | H4: =IF(Tabela2[[#This Row],[ TURBINA]]="","",COUNTIFS(Dados_Brutos!D:D,A4,Dados_Brutos!K:K,"*Baixo*")) -> 3 | I4: =IF(Tabela2[[#This Row],[ TURBINA]]="","",COUNTIFS(Dados_Brutos!D:D,A4,Dados_Brutos!K:K,"*Médio*")) -> 0 | J4: =IF(Tabela2[[#This Row],[ TURBINA]]="","",COUNTIFS(Dados_Brutos!D:D,A4,Dados_Brutos!K:K,"*Alto*")) -> 0 | K4: =IF(Tabela2[[#This Row],[ TURBINA]]="","",IF(AND(C4>20,J4>3),"🟥 ALTO RISCO",IF(AND(C4>10,I4>1),"🟨 MÉDIO RISCO","🟩 BAIXO RISCO"))) -> 🟩 BAIXO RISCO | L4: =Tabela2[[#This Row],[ TOTAL IMAS TROCADOS]]*Config!$B$2 -> 0 | M4: =IF(C4>0, (TODAY()-D4)/C4, "Sem dados") -> Sem dados | N4: =IF(C4>0, G4/C4, "Sem dados") -> Sem dados | O4: =IFERROR(DATE(YEAR(E4),MONTH(E4)+7,DAY(E4)),"") -> 45856 | P4: =IFERROR(1-(G4/(TODAY()-D4)),"") -> 1
A5: AEG-04 | B5: =IF(Tabela2[[#This Row],[ TURBINA]]="","",_xlfn.XLOOKUP(Tabela2[[#This Row],[ TURBINA]],Tabela1[TURBINA],Tabela1[CLUSTER])) -> Garrote | C5: =IF(Tabela2[[#This Row],[ TURBINA]]="","",SUMIF(Dados_Brutos!D:D,A5,Dados_Brutos!E:E)) -> 0 | D5: {=IF(Tabela2[[#This Row],[ TURBINA]]="","",MIN(IF(Dados_Brutos!D:D=Tabela2[[#This Row],[ TURBINA]],Dados_Brutos!A:A)))} -> 45436 | E5: {=IF(Tabela2[[#This Row],[ TURBINA]]="","",MAX(IF(Tabela1[TURBINA] =Tabela2[[#This Row],[ TURBINA]],Tabela1[DATA INSPECAO])))} -> 45734 | F5: =IFERROR(INDEX(Dados_Brutos!H:H,MATCH(A5,Dados_Brutos!D:D,0)),"") -> Em Operação | G5: =IF(Tabela2[[#This Row],[ TURBINA]]="","",SUMIF(Dados_Brutos!D:D,A5,Dados_Brutos!J:J)) -> 0 | H5: =IF(Tabela2[[#This Row],[ TURBINA]]="","",COUNTIFS(Dados_Brutos!D:D,A5,Dados_Brutos!K:K,"*Baixo*")) -> 3 | I5: =IF(Tabela2[[#This Row],[ TURBINA]]="","",COUNTIFS(Dados_Brutos!D:D,A5,Dados_Brutos!K:K,"*Médio*")) -> 0 | J5: =IF(Tabela2[[#This Row],[ TURBINA]]="","",COUNTIFS(Dados_Brutos!D:D,A5,Dados_Brutos!K:K,"*Alto*")) -> 0 | K5: =IF(Tabela2[[#This Row],[ TURBINA]]="","",IF(AND(C5>20,J5>3),"🟥 ALTO RISCO",IF(AND(C5>10,I5>1),"🟨 MÉDIO RISCO","🟩 BAIXO RISCO"))) -> 🟩 BAIXO RISCO | L5: =Tabela2[[#This Row],[ TOTAL IMAS TROCADOS]]*Config!$B$2 -> 0 | M5: =IF(C5>0, (TODAY()-D5)/C5, "Sem dados") -> Sem dados | N5: =IF(C5>0, G5/C5, "Sem dados") -> Sem dados | O5: =IFERROR(DATE(YEAR(E5),MONTH(E5)+7,DAY(E5)),"") -> 45948 | P5: =IFERROR(1-(G5/(TODAY()-D5)),"") -> 1
A6: AEG-05 | B6: =IF(Tabela2[[#This Row],[ TURBINA]]="","",_xlfn.XLOOKUP(Tabela2[[#This Row],[ TURBINA]],Tabela1[TURBINA],Tabela1[CLUSTER])) -> Santo Inacio III | C6: =IF(Tabela2[[#This Row],[ TURBINA]]="","",SUMIF(Dados_Brutos!D:D,A6,Dados_Brutos!E:E)) -> 80 | D6: {=IF(Tabela2[[#This Row],[ TURBINA]]="","",MIN(IF(Dados_Brutos!D:D=Tabela2[[#This Row],[ TURBINA]],Dados_Brutos!A:A)))} -> 45425 | E6: {=IF(Tabela2[[#This Row],[ TURBINA]]="","",MAX(IF(Tabela1[TURBINA] =Tabela2[[#This Row],[ TURBINA]],Tabela1[DATA INSPECAO])))} -> 45749 | F6: =IFERROR(INDEX(Dados_Brutos!H:H,MATCH(A6,Dados_Brutos!D:D,0)),"") -> Fora de Operação | G6: =IF(Tabela2[[#This Row],[ TURBINA]]="","",SUMIF(Dados_Brutos!D:D,A6,Dados_Brutos!J:J)) -> 173 | H6: =IF(Tabela2[[#This Row],[ TURBINA]]="","",COUNTIFS(Dados_Brutos!D:D,A6,Dados_Brutos!K:K,"*Baixo*")) -> 2 | I6: =IF(Tabela2[[#This Row],[ TURBINA]]="","",COUNTIFS(Dados_Brutos!D:D,A6,Dados_Brutos!K:K,"*Médio*")) -> 0 | J6: =IF(Tabela2[[#This Row],[ TURBINA]]="","",COUNTIFS(Dados_Brutos!D:D,A6,Dados_Brutos!K:K,"*Alto*")) -> 1 | K6: =IF(Tabela2[[#This Row],[ TURBINA]]="","",IF(AND(C6>20,J6>3),"🟥 ALTO RISCO",IF(AND(C6>10,I6>1),"🟨 MÉDIO RISCO","🟩 BAIXO RISCO"))) -> 🟩 BAIXO RISCO | L6: =Tabela2[[#This Row],[ TOTAL IMAS TROCADOS]]*Config!$B$2 -> 102575.58 | M6: =IF(C6>0, (TODAY()-D6)/C6, "Sem dados") -> 6.8625 | N6: =IF(C6>0, G6/C6, "Sem dados") -> 2.1625 | O6: =IFERROR(DATE(YEAR(E6),MONTH(E6)+7,DAY(E6)),"") -> 45963 | P6: =IFERROR(1-(G6/(TODAY()-D6)),"") -> 0.6848816
A7: AEG-06 | B7: =IF(Tabela2[[#This Row],[ TURBINA]]="","",_xlfn.XLOOKUP(Tabela2[[#This Row],[ TURBINA]],Tabela1[TURBINA],Tabela1[CLUSTER])) -> Santo Inacio III | C7: =IF(Tabela2[[#This Row],[ TURBINA]]="","",SUMIF(Dados_Brutos!D:D,A7,Dados_Brutos!E:E)) -> 20 | D7: {=IF(Tabela2[[#This Row],[ TURBINA]]="","",MIN(IF(Dados_Brutos!D:D=Tabela2[[#This Row],[ TURBINA]],Dados_Brutos!A:A)))} -> 45408 | E7: {=IF(Tabela2[[#This Row],[ TURBINA]]="","",MAX(IF(Tabela1[TURBINA] =Tabela2[[#This Row],[ TURBINA]],Tabela1[DATA INSPECAO])))} -> 45624 | F7: =IFERROR(INDEX(Dados_Brutos!H:H,MATCH(A7,Dados_Brutos!D:D,0)),"") -> Fora de Operação | G7: =IF(Tabela2[[#This Row],[ TURBINA]]="","",SUMIF(Dados_Brutos!D:D,A7,Dados_Brutos!J:J)) -> 111 | H7: =IF(Tabela2[[#This Row],[ TURBINA]]="","",COUNTIFS(Dados_Brutos!D:D,A7,Dados_Brutos!K:K,"*Baixo*")) -> 2 | I7: =IF(Tabela2[[#This Row],[ TURBINA]]="","",COUNTIFS(Dados_Brutos!D:D,A7,Dados_Brutos!K:K,"*Médio*")) -> 0 | J7: =IF(Tabela2[[#This Row],[ TURBINA]]="","",COUNTIFS(Dados_Brutos!D:D,A7,Dados_Brutos!K:K,"*Alto*")) -> 1 | K7: =IF(Tabela2[[#This Row],[ TURBINA]]="","",IF(AND(C7>20,J7>3),"🟥 ALTO RISCO",IF(AND(C7>10,I7>1),"🟨 MÉDIO RISCO","🟩 BAIXO RISCO"))) -> 🟩 BAIXO RISCO | L7: =Tabela2[[#This Row],[ TOTAL IMAS TROCADOS]]*Config!$B$2 -> 25643.896 | M7: =IF(C7>0, (TODAY()-D7)/C7, "Sem dados") -> 28.3 | N7: =IF(C7>0, G7/C7, "Sem dados") -> 5.55 | O7: =IFERROR(DATE(YEAR(E7),MONTH(E7)+7,DAY(E7)),"") -> 45836 | P7: =IFERROR(1-(G7/(TODAY()-D7)),"") -> 0.80388693
A8: AEG-07 | B8: =IF(Tabela2[[#This Row],[ TURBINA]]="","",_xlfn.XLOOKUP(Tabela2[[#This Row],[ TURBINA]],Tabela1[TURBINA],Tabela1[CLUSTER])) -> Santo Inacio III | C8: =IF(Tabela2[[#This Row],[ TURBINA]]="","",SUMIF(Dados_Brutos!D:D,A8,Dados_Brutos!E:E)) -> 30 | D8: {=IF(Tabela2[[#This Row],[ TURBINA]]="","",MIN(IF(Dados_Brutos!D:D=Tabela2[[#This Row],[ TURBINA]],Dados_Brutos!A:A)))} -> 45453 | E8: {=IF(Tabela2[[#This Row],[ TURBINA]]="","",MAX(IF(Tabela1[TURBINA] =Tabela2[[#This Row],[ TURBINA]],Tabela1[DATA INSPECAO])))} -> 45624 | F8: =IFERROR(INDEX(Dados_Brutos!H:H,MATCH(A8,Dados_Brutos!D:D,0)),"") -> Fora de Operação | G8: =IF(Tabela2[[#This Row],[ TURBINA]]="","",SUMIF(Dados_Brutos!D:D,A8,Dados_Brutos!J:J)) -> 16 | H8: =IF(Tabela2[[#This Row],[ TURBINA]]="","",COUNTIFS(Dados_Brutos!D:D,A8,Dados_Brutos!K:K,"*Baixo*")) -> 3 | I8: =IF(Tabela2[[#This Row],[ TURBINA]]="","",COUNTIFS(Dados_Brutos!D:D,A8,Dados_Brutos!K:K,"*Médio*")) -> 0 | J8: =IF(Tabela2[[#This Row],[ TURBINA]]="","",COUNTIFS(Dados_Brutos!D:D,A8,Dados_Brutos!K:K,"*Alto*")) -> 0 | K8: =IF(Tabela2[[#This Row],[ TURBINA]]="","",IF(AND(C8>20,J8>3),"🟥 ALTO RISCO",IF(AND(C8>10,I8>1),"🟨 MÉDIO RISCO","🟩 BAIXO RISCO"))) -> 🟩 BAIXO RISCO | L8: =Tabela2[[#This Row],[ TOTAL IMAS TROCADOS]]*Config!$B$2 -> 38465.844 | M8: =IF(C8>0, (TODAY()-D8)/C8, "Sem dados") -> 17.366667 | N8: =IF(C8>0, G8/C8, "Sem dados") -> 0.53333333 | O8: =IFERROR(DATE(YEAR(E8),MONTH(E8)+7,DAY(E8)),"") -> 45836 | P8: =IFERROR(1-(G8/(TODAY()-D8)),"") -> 0.96928983
A9: AEG-08 | B9: =IF(Tabela2[[#This Row],[ TURBINA]]="","",_xlfn.XLOOKUP(Tabela2[[#This Row],[ TURBINA]],Tabela1[TURBINA],Tabela1[CLUSTER])) -> São Raimundo | C9: =IF(Tabela2[[#This Row],[ TURBINA]]="","",SUMIF(Dados_Brutos!D:D,A9,Dados_Brutos!E:E)) -> 3 | D9: {=IF(Tabela2[[#This Row],[ TURBINA]]="","",MIN(IF(Dados_Brutos!D:D=Tabela2[[#This Row],[ TURBINA]],Dados_Brutos!A:A)))} -> 45441 | E9: {=IF(Tabela2[[#This Row],[ TURBINA]]="","",MAX(IF(Tabela1[TURBINA] =Tabela2[[#This Row],[ TURBINA]],Tabela1[DATA INSPECAO])))} -> 45784 | F9: =IFERROR(INDEX(Dados_Brutos!H:H,MATCH(A9,Dados_Brutos!D:D,0)),"") -> Em Operação | G9: =IF(Tabela2[[#This Row],[ TURBINA]]="","",SUMIF(Dados_Brutos!D:D,A9,Dados_Brutos!J:J)) -> 35 | H9: =IF(Tabela2[[#This Row],[ TURBINA]]="","",COUNTIFS(Dados_Brutos!D:D,A9,Dados_Brutos!K:K,"*Baixo*")) -> 3 | I9: =IF(Tabela2[[#This Row],[ TURBINA]]="","",COUNTIFS(Dados_Brutos!D:D,A9,Dados_Brutos!K:K,"*Médio*")) -> 1 | J9: =IF(Tabela2[[#This Row],[ TURBINA]]="","",COUNTIFS(Dados_Brutos!D:D,A9,Dados_Brutos!K:K,"*Alto*")) -> 0 | K9: =IF(Tabela2[[#This Row],[ TURBINA]]="","",IF(AND(C9>20,J9>3),"🟥 ALTO RISCO",IF(AND(C9>10,I9>1),"🟨 MÉDIO RISCO","🟩 BAIXO RISCO"))) -> 🟩 BAIXO RISCO | L9: =Tabela2[[#This Row],[ TOTAL IMAS TROCADOS]]*Config!$B$2 -> 3846.5844 | M9: =IF(C9>0, (TODAY()-D9)/C9, "Sem dados") -> 177.66667 | N9: =IF(C9>0, G9/C9, "Sem dados") -> 11.666667 | O9: =IFERROR(DATE(YEAR(E9),MONTH(E9)+7,DAY(E9)),"") -> 45998 | P9: =IFERROR(1-(G9/(TODAY()-D9)),"") -> 0.93433396
A10: AEG-09 | B10: =IF(Tabela2[[#This Row],[ TURBINA]]="","",_xlfn.XLOOKUP(Tabela2[[#This Row],[ TURBINA]],Tabela1[TURBINA],Tabela1[CLUSTER])) -> São Raimundo | C10: =IF(Tabela2[[#This Row],[ TURBINA]]="","",SUMIF(Dados_Brutos!D:D,A10,Dados_Brutos!E:E)) -> 21 | D10: {=IF(Tabela2[[#This Row],[ TURBINA]]="","",MIN(IF(Dados_Brutos!D:D=Tabela2[[#This Row],[ TURBINA]],Dados_Brutos!A:A)))} -> 45443 | E10: {=IF(Tabela2[[#This Row],[ TURBINA]]="","",MAX(IF(Tabela1[TURBINA] =Tabela2[[#This Row],[ TURBINA]],Tabela1[DATA INSPECAO])))} -> 45862 | F10: =IFERROR(INDEX(Dados_Brutos!H:H,MATCH(A10,Dados_Brutos!D:D,0)),"") -> Fora de Operação | G10: =IF(Tabela2[[#This Row],[ TURBINA]]="","",SUMIF(Dados_Brutos!D:D,A10,Dados_Brutos!J:J)) -> 33 | H10: =IF(Tabela2[[#This Row],[ TURBINA]]="","",COUNTIFS(Dados_Brutos!D:D,A10,Dados_Brutos!K:K,"*Baixo*")) -> 3 | I10: =IF(Tabela2[[#This Row],[ TURBINA]]="","",COUNTIFS(Dados_Brutos!D:D,A10,Dados_Brutos!K:K,"*Médio*")) -> 1 | J10: =IF(Tabela2[[#This Row],[ TURBINA]]="","",COUNTIFS(Dados_Brutos!D:D,A10,Dados_Brutos!K:K,"*Alto*")) -> 0 | K10: =IF(Tabela2[[#This Row],[ TURBINA]]="","",IF(AND(C10>20,J10>3),"🟥 ALTO RISCO",IF(AND(C10>10,I10>1),"🟨 MÉDIO RISCO","🟩 BAIXO RISCO"))) -> 🟩 BAIXO RISCO | L10: =Tabela2[[#This Row],[ TOTAL IMAS TROCADOS]]*Config!$B$2 -> 26926.091 | M10: =IF(C10>0, (TODAY()-D10)/C10, "Sem dados") -> 25.285714 | N10: =IF(C10>0, G10/C10, "Sem dados") -> 1.5714286 | O10: =IFERROR(DATE(YEAR(E10),MONTH(E10)+7,DAY(E10)),"") -> 46077 | P10: =IFERROR(1-(G10/(TODAY()-D10)),"") -> 0.93785311
A11: AEG-10 | B11: =IF(Tabela2[[#This Row],[ TURBINA]]="","",_xlfn.XLOOKUP(Tabela2[[#This Row],[ TURBINA]],Tabela1[TURBINA],Tabela1[CLUSTER])) -> São Raimundo | C11: =IF(Tabela2[[#This Row],[ TURBINA]]="","",SUMIF(Dados_Brutos!D:D,A11,Dados_Brutos!E:E)) -> 0 | D11: {=IF(Tabela2[[#This Row],[ TURBINA]]="","",MIN(IF(Dados_Brutos!D:D=Tabela2[[#This Row],[ TURBINA]],Dados_Brutos!A:A)))} -> 45446 | E11: {=IF(Tabela2[[#This Row],[ TURBINA]]="","",MAX(IF(Tabela1[TURBINA] =Tabela2[[#This Row],[ TURBINA]],Tabela1[DATA INSPECAO])))} -> 45624 | F11: =IFERROR(INDEX(Dados_Brutos!H:H,MATCH(A11,Dados_Brutos!D:D,0)),"") -> Em Operação | G11: =IF(Tabela2[[#This Row],[ TURBINA]]="","",SUMIF(Dados_Brutos!D:D,A11,Dados_Brutos!J:J)) -> 0 | H11: =IF(Tabela2[[#This Row],[ TURBINA]]="","",COUNTIFS(Dados_Brutos!D:D,A11,Dados_Brutos!K:K,"*Baixo*")) -> 3 | I11: =IF(Tabela2[[#This Row],[ TURBINA]]="","",COUNTIFS(Dados_Brutos!D:D,A11,Dados_Brutos!K:K,"*Médio*")) -> 0 | J11: =IF(Tabela2[[#This Row],[ TURBINA]]="","",COUNTIFS(Dados_Brutos!D:D,A11,Dados_Brutos!K:K,"*Alto*")) -> 0 | K11: =IF(Tabela2[[#This Row],[ TURBINA]]="","",IF(AND(C11>20,J11>3),"🟥 ALTO RISCO",IF(AND(C11>10,I11>1),"🟨 MÉDIO RISCO","🟩 BAIXO RISCO"))) -> 🟩 BAIXO RISCO | L11: =Tabela2[[#This Row],[ TOTAL IMAS TROCADOS]]*Config!$B$2 -> 0 | M11: =IF(C11>0, (TODAY()-D11)/C11, "Sem dados") -> Sem dados | N11: =IF(C11>0, G11/C11, "Sem dados") -> Sem dados | O11: =IFERROR(DATE(YEAR(E11),MONTH(E11)+7,DAY(E11)),"") -> 45836 | P11: =IFERROR(1-(G11/(TODAY()-D11)),"") -> 1
A12: AEG-11 | B12: =IF(Tabela2[[#This Row],[ TURBINA]]="","",_xlfn.XLOOKUP(Tabela2[[#This Row],[ TURBINA]],Tabela1[TURBINA],Tabela1[CLUSTER])) -> São Raimundo | C12: =IF(Tabela2[[#This Row],[ TURBINA]]="","",SUMIF(Dados_Brutos!D:D,A12,Dados_Brutos!E:E)) -> 20 | D12: {=IF(Tabela2[[#This Row],[ TURBINA]]="","",MIN(IF(Dados_Brutos!D:D=Tabela2[[#This Row],[ TURBINA]],Dados_Brutos!A:A)))} -> 45446 | E12: {=IF(Tabela2[[#This Row],[ TURBINA]]="","",MAX(IF(Tabela1[TURBINA] =Tabela2[[#This Row],[ TURBINA]],Tabela1[DATA INSPECAO])))} -> 45789 | F12: =IFERROR(INDEX(Dados_Brutos!H:H,MATCH(A12,Dados_Brutos!D:D,0)),"") -> Fora de Operação | G12: =IF(Tabela2[[#This Row],[ TURBINA]]="","",SUMIF(Dados_Brutos!D:D,A12,Dados_Brutos!J:J)) -> 15 | H12: =IF(Tabela2[[#This Row],[ TURBINA]]="","",COUNTIFS(Dados_Brutos!D:D,A12,Dados_Brutos!K:K,"*Baixo*")) -> 3 | I12: =IF(Tabela2[[#This Row],[ TURBINA]]="","",COUNTIFS(Dados_Brutos!D:D,A12,Dados_Brutos!K:K,"*Médio*")) -> 0 | J12: =IF(Tabela2[[#This Row],[ TURBINA]]="","",COUNTIFS(Dados_Brutos!D:D,A12,Dados_Brutos!K:K,"*Alto*")) -> 0 | K12: =IF(Tabela2[[#This Row],[ TURBINA]]="","",IF(AND(C12>20,J12>3),"🟥 ALTO RISCO",IF(AND(C12>10,I12>1),"🟨 MÉDIO RISCO","🟩 BAIXO RISCO"))) -> 🟩 BAIXO RISCO | L12: =Tabela2[[#This Row],[ TOTAL IMAS TROCADOS]]*Config!$B$2 -> 25643.896 | M12: =IF(C12>0, (TODAY()-D12)/C12, "Sem dados") -> 26.4 | N12: =IF(C12>0, G12/C12, "Sem dados") -> 0.75 | O12: =IFERROR(DATE(YEAR(E12),MONTH(E12)+7,DAY(E12)),"") -> 46003 | P12: =IFERROR(1-(G12/(TODAY()-D12)),"") -> 0.97159091
A13: AEG-12 | B13: =IF(Tabela2[[#This Row],[ TURBINA]]="","",_xlfn.XLOOKUP(Tabela2[[#This Row],[ TURBINA]],Tabela1[TURBINA],Tabela1[CLUSTER])) -> São Raimundo | C13: =IF(Tabela2[[#This Row],[ TURBINA]]="","",SUMIF(Dados_Brutos!D:D,A13,Dados_Brutos!E:E)) -> 0 | D13: {=IF(Tabela2[[#This Row],[ TURBINA]]="","",MIN(IF(Dados_Brutos!D:D=Tabela2[[#This Row],[ TURBINA]],Dados_Brutos!A:A)))} -> 45447 | E13: {=IF(Tabela2[[#This Row],[ TURBINA]]="","",MAX(IF(Tabela1[TURBINA] =Tabela2[[#This Row],[ TURBINA]],Tabela1[DATA INSPECAO])))} -> 45790 | F13: =IFERROR(INDEX(Dados_Brutos!H:H,MATCH(A13,Dados_Brutos!D:D,0)),"") -> Em Operação | G13: =IF(Tabela2[[#This Row],[ TURBINA]]="","",SUMIF(Dados_Brutos!D:D,A13,Dados_Brutos!J:J)) -> 0 | H13: =IF(Tabela2[[#This Row],[ TURBINA]]="","",COUNTIFS(Dados_Brutos!D:D,A13,Dados_Brutos!K:K,"*Baixo*")) -> 3 | I13: =IF(Tabela2[[#This Row],[ TURBINA]]="","",COUNTIFS(Dados_Brutos!D:D,A13,Dados_Brutos!K:K,"*Médio*")) -> 0 | J13: =IF(Tabela2[[#This Row],[ TURBINA]]="","",COUNTIFS(Dados_Brutos!D:D,A13,Dados_Brutos!K:K,"*Alto*")) -> 0 | K13: =IF(Tabela2[[#This Row],[ TURBINA]]="","",IF(AND(C13>20,J13>3),"🟥 ALTO RISCO",IF(AND(C13>10,I13>1),"🟨 MÉDIO RISCO","🟩 BAIXO RISCO"))) -> 🟩 BAIXO RISCO | L13: =Tabela2[[#This Row],[ TOTAL IMAS TROCADOS]]*Config!$B$2 -> 0 | M13: =IF(C13>0, (TODAY()-D13)/C13, "Sem dados") -> Sem dados | N13: =IF(C13>0, G13/C13, "Sem dados") -> Sem dados | O13: =IFERROR(DATE(YEAR(E13),MONTH(E13)+7,DAY(E13)),"") -> 46004 | P13: =IFERROR(1-(G13/(TODAY()-D13)),"") -> 1
... A48: AEG-47 | B48: =IF(Tabela2[[#This Row],[ TURBINA]]="","",_xlfn.XLOOKUP(Tabela2[[#This Row],[ TURBINA]],Tabela1[TURBINA],Tabela1[CLUSTER])) -> Garrote | C48: =IF(Tabela2[[#This Row],[ TURBINA]]="","",SUMIF(Dados_Brutos!D:D,A48,Dados_Brutos!E:E)) -> 0 | D48: {=IF(Tabela2[[#This Row],[ TURBINA]]="","",MIN(IF(Dados_Brutos!D:D=Tabela2[[#This Row],[ TURBINA]],Dados_Brutos!A:A)))} -> 45434 | E48: {=IF(Tabela2[[#This Row],[ TURBINA]]="","",MAX(IF(Tabela1[TURBINA] =Tabela2[[#This Row],[ TURBINA]],Tabela1[DATA INSPECAO])))} -> 45756 | F48: =IFERROR(INDEX(Dados_Brutos!H:H,MATCH(A48,Dados_Brutos!D:D,0)),"") -> Em Operação | G48: =IF(Tabela2[[#This Row],[ TURBINA]]="","",SUMIF(Dados_Brutos!D:D,A48,Dados_Brutos!J:J)) -> 0 | H48: =IF(Tabela2[[#This Row],[ TURBINA]]="","",COUNTIFS(Dados_Brutos!D:D,A48,Dados_Brutos!K:K,"*Baixo*")) -> 3 | I48: =IF(Tabela2[[#This Row],[ TURBINA]]="","",COUNTIFS(Dados_Brutos!D:D,A48,Dados_Brutos!K:K,"*Médio*")) -> 0 | J48: =IF(Tabela2[[#This Row],[ TURBINA]]="","",COUNTIFS(Dados_Brutos!D:D,A48,Dados_Brutos!K:K,"*Alto*")) -> 0 | K48: =IF(Tabela2[[#This Row],[ TURBINA]]="","",IF(AND(C48>20,J48>3),"🟥 ALTO RISCO",IF(AND(C48>10,I48>1),"🟨 MÉDIO RISCO","🟩 BAIXO RISCO"))) -> 🟩 BAIXO RISCO | L48: =Tabela2[[#This Row],[ TOTAL IMAS TROCADOS]]*Config!$B$2 -> 0 | M48: =IF(C48>0, (TODAY()-D48)/C48, "Sem dados") -> Sem dados | N48: =IF(C48>0, G48/C48, "Sem dados") -> Sem dados | O48: =IFERROR(DATE(YEAR(E48),MONTH(E48)+7,DAY(E48)),"") -> 45970 | P48: =IFERROR(1-(G48/(TODAY()-D48)),"") -> 1

Sheet Analise_Ciclos
A1: CICLO | B1: ANO | C1: TURBINAS INSPECIONADAS | D1: TURBINAS COM SUBSTITUICAO | E1: TURBINAS PARADAS | F1: IMAS TROCADOS TOTAL | G1: OXIDACAO BAIXA | H1: OXIDACAO MEDIA | I1: OXIDACAO ALTA | J1: CUSTO TOTAL
A2: Primeiro Ciclo | B2: =IF(A2="Primeiro Ciclo", 2024, IF(A2="Segundo Ciclo", 2024, 2025)) -> 2024 | C2: =COUNTIF(Dados_Brutos!G:G,A2) -> 46 | D2: =COUNTIFS(Dados_Brutos!$G:$G,$A2,Dados_Brutos!$F:$F,"Substituido") -> 20 | E2: =COUNTIFS(Dados_Brutos!$G:$G,$A2,Dados_Brutos!$H:$H,"Fora de Operação") -> 19 | F2: =SUMIF(Dados_Brutos!G:G,A2,Dados_Brutos!E:E) -> 1262 | G2: =COUNTIFS(Dados_Brutos!G:G,A2,Dados_Brutos!K:K,"*Baixo*") -> 29 | H2: =COUNTIFS(Dados_Brutos!G:G,A2,Dados_Brutos!K:K,"*Médio*") -> 6 | I2: =COUNTIFS(Dados_Brutos!G:G,A2,Dados_Brutos!K:K,"*Alto*") -> 11 | J2: =F2*Config!$B$2 -> 1618129.8
A3: Segundo Ciclo | B3: =IF(A3="Primeiro Ciclo", 2024, IF(A3="Segundo Ciclo", 2024, 2025)) -> 2024 | C3: =COUNTIF(Dados_Brutos!G:G,A3) -> 47 | D3: =COUNTIFS(Dados_Brutos!$G:$G,$A3,Dados_Brutos!$F:$F,"Substituido") -> 6 | E3: =COUNTIFS(Dados_Brutos!$G:$G,$A3,Dados_Brutos!$H:$H,"Fora de Operação") -> 1 | F3: =SUMIF(Dados_Brutos!G:G,A3,Dados_Brutos!E:E) -> 80 | G3: =COUNTIFS(Dados_Brutos!G:G,A3,Dados_Brutos!K:K,"*Baixo*") -> 40 | H3: =COUNTIFS(Dados_Brutos!G:G,A3,Dados_Brutos!K:K,"*Médio*") -> 7 | I3: =COUNTIFS(Dados_Brutos!G:G,A3,Dados_Brutos!K:K,"*Alto*") -> 0 | J3: =F3*Config!$B$2 -> 102575.58
A4: Terceiro Ciclo | B4: =IF(A4="Primeiro Ciclo", 2024, IF(A4="Segundo Ciclo", 2024, 2025)) -> 2025 | C4: =COUNTIF(Dados_Brutos!G:G,A4) -> 47 | D4: =COUNTIFS(Dados_Brutos!$G:$G,$A4,Dados_Brutos!$F:$F,"Substituido") -> 6 | E4: =COUNTIFS(Dados_Brutos!$G:$G,$A4,Dados_Brutos!$H:$H,"Fora de Operação") -> 4 | F4: =SUMIF(Dados_Brutos!G:G,A4,Dados_Brutos!E:E) -> 340 | G4: =COUNTIFS(Dados_Brutos!G:G,A4,Dados_Brutos!K:K,"*Baixo*") -> 39 | H4: =COUNTIFS(Dados_Brutos!G:G,A4,Dados_Brutos!K:K,"*Médio*") -> 7 | I4: =COUNTIFS(Dados_Brutos!G:G,A4,Dados_Brutos!K:K,"*Alto*") -> 1 | J4: =F4*Config!$B$2 -> 435946.23
A5: Troca de Spindle | B5: =IF(A5="Primeiro Ciclo", 2024, IF(A5="Segundo Ciclo", 2024, 2025)) -> 2025 | C5: =COUNTIF(Dados_Brutos!G:G,A5) -> 6 | D5: =COUNTIFS(Dados_Brutos!$G:$G,$A5,Dados_Brutos!$F:$F,"Substituido") -> 6 | E5: =COUNTIFS(Dados_Brutos!$G:$G,$A5,Dados_Brutos!$H:$H,"Fora de Operação") -> 6 | F5: =SUMIF(Dados_Brutos!G:G,A5,Dados_Brutos!E:E) -> 44 | G5: =COUNTIFS(Dados_Brutos!G:G,A5,Dados_Brutos!K:K,"*Baixo*") -> 5 | H5: =COUNTIFS(Dados_Brutos!G:G,A5,Dados_Brutos!K:K,"*Médio*") -> 0 | I5: =COUNTIFS(Dados_Brutos!G:G,A5,Dados_Brutos!K:K,"*Alto*") -> 1 | J5: =F5*Config!$B$2 -> 56416.571
A6: Quarto Ciclo | B6: =IF(A6="Primeiro Ciclo", 2024, IF(A6="Segundo Ciclo", 2024, 2025)) -> 2025 | C6: =COUNTIF(Dados_Brutos!G:G,A6) -> 5 | D6: =COUNTIFS(Dados_Brutos!$G:$G,$A6,Dados_Brutos!$F:$F,"Substituido") -> 3 | E6: =COUNTIFS(Dados_Brutos!$G:$G,$A6,Dados_Brutos!$H:$H,"Fora de Operação") -> 1 | F6: =SUMIF(Dados_Brutos!G:G,A6,Dados_Brutos!E:E) -> 40 | G6: =COUNTIFS(Dados_Brutos!G:G,A6,Dados_Brutos!K:K,"*Baixo*") -> 5 | H6: =COUNTIFS(Dados_Brutos!G:G,A6,Dados_Brutos!K:K,"*Médio*") -> 0 | I6: =COUNTIFS(Dados_Brutos!G:G,A6,Dados_Brutos!K:K,"*Alto*") -> 0 | J6: =F6*Config!$B$2 -> 51287.792

Sheet Evolução_Mensal
A1: MES ANO | B1: IMAS TROCADOS | C1: TURBINAS PARADAS | D1: OXIDACAO BAIXA | E1: OXIDACAO MEDIA | F1: OXIDACAO ALTA | G1: CUSTO TOTAL | H1: MTBF MES | I1: MTTR MES | J1: OEE MES
A2: 45457 | B2: =SUMIFS(Dados_Brutos!E:E,Dados_Brutos!A:A,">="&DATE(2024,1,1),Dados_Brutos!A:A,"<="&DATE(2025,12,1)) -> 1766 | C2: =COUNTIFS(Dados_Brutos!A:A,">="&DATE(2024,1,1),Dados_Brutos!A:A,"<="&DATE(2025,12,31),Dados_Brutos!H:H,"Fora de Operação") -> 31 | D2: =COUNTIFS(Dados_Brutos!A:A,">="&$A2,Dados_Brutos!A:A,"<="&EOMONTH($A2,0),Dados_Brutos!K:K,"*Baixo*") -> 5 | E2: =COUNTIFS(Dados_Brutos!A:A,">="&$A2,Dados_Brutos!A:A,"<="&EOMONTH($A2,0),Dados_Brutos!K:K,"*Médio*") -> 0 | F2: =COUNTIFS(Dados_Brutos!A:A,">="&$A2,Dados_Brutos!A:A,"<="&EOMONTH($A2,0),Dados_Brutos!K:K,"*Alto*") -> 1 | G2: =B2*Config!$B$2 -> 2264356 | H2: =IF(B2>0, 30/B2, "Sem dados") -> 0.016987542 | I2: =IFERROR(AVERAGEIFS(Dados_Brutos!J:J, Dados_Brutos!A:A, ">="&A2, Dados_Brutos!A:A, "<="&EOMONTH(A2,0)),"-") -> 1.8333333 | J2: =(1-(SUMIFS(Dados_Brutos!J:J,Dados_Brutos!A:A,">="&DATE(2024,1,1),Dados_Brutos!A:A,"<="&DATE(2025,12,31))/(47*24*30))) -> 0.95537825
A3: 45458 | B3: =SUMIFS(Dados_Brutos!E:E,Dados_Brutos!A:A,">="&DATE(2024,1,1),Dados_Brutos!A:A,"<="&DATE(2025,12,1)) -> 1766 | C3: =COUNTIFS(Dados_Brutos!A:A,">="&DATE(2024,1,1),Dados_Brutos!A:A,"<="&DATE(2025,12,31),Dados_Brutos!H:H,"Fora de Operação") -> 31 | D3: =COUNTIFS(Dados_Brutos!A:A,">="&$A3,Dados_Brutos!A:A,"<="&EOMONTH($A3,0),Dados_Brutos!K:K,"*Baixo*") -> 4 | E3: =COUNTIFS(Dados_Brutos!A:A,">="&$A3,Dados_Brutos!A:A,"<="&EOMONTH($A3,0),Dados_Brutos!K:K,"*Médio*") -> 0 | F3: =COUNTIFS(Dados_Brutos!A:A,">="&$A3,Dados_Brutos!A:A,"<="&EOMONTH($A3,0),Dados_Brutos!K:K,"*Alto*") -> 1 | G3: =B3*Config!$B$2 -> 2264356 | H3: =IF(B3>0, 30/B3, "Sem dados") -> 0.016987542 | I3: =IFERROR(AVERAGEIFS(Dados_Brutos!J:J, Dados_Brutos!A:A, ">="&A3, Dados_Brutos!A:A, "<="&EOMONTH(A3,0)),"-") -> 2.2 | J3: =(1-(SUMIFS(Dados_Brutos!J:J,Dados_Brutos!A:A,">="&DATE(2024,1,1),Dados_Brutos!A:A,"<="&DATE(2025,12,31))/(47*24*30))) -> 0.95537825
A4: 45460 | B4: =SUMIFS(Dados_Brutos!E:E,Dados_Brutos!A:A,">="&DATE(2024,1,1),Dados_Brutos!A:A,"<="&DATE(2025,12,1)) -> 1766 | C4: =COUNTIFS(Dados_Brutos!A:A,">="&DATE(2024,1,1),Dados_Brutos!A:A,"<="&DATE(2025,12,31),Dados_Brutos!H:H,"Fora de Operação") -> 31 | D4: =COUNTIFS(Dados_Brutos!A:A,">="&$A4,Dados_Brutos!A:A,"<="&EOMONTH($A4,0),Dados_Brutos!K:K,"*Baixo*") -> 4 | E4: =COUNTIFS(Dados_Brutos!A:A,">="&$A4,Dados_Brutos!A:A,"<="&EOMONTH($A4,0),Dados_Brutos!K:K,"*Médio*") -> 0 | F4: =COUNTIFS(Dados_Brutos!A:A,">="&$A4,Dados_Brutos!A:A,"<="&EOMONTH($A4,0),Dados_Brutos!K:K,"*Alto*") -> 1 | G4: =B4*Config!$B$2 -> 2264356 | H4: =IF(B4>0, 30/B4, "Sem dados") -> 0.016987542 | I4: =IFERROR(AVERAGEIFS(Dados_Brutos!J:J, Dados_Brutos!A:A, ">="&A4, Dados_Brutos!A:A, "<="&EOMONTH(A4,0)),"-") -> 2.2 | J4: =(1-(SUMIFS(Dados_Brutos!J:J,Dados_Brutos!A:A,">="&DATE(2024,1,1),Dados_Brutos!A:A,"<="&DATE(2025,12,31))/(47*24*30))) -> 0.95537825
A5: 45461 | B5: =SUMIFS(Dados_Brutos!E:E,Dados_Brutos!A:A,">="&DATE(2024,1,1),Dados_Brutos!A:A,"<="&DATE(2025,12,1)) -> 1766 | C5: =COUNTIFS(Dados_Brutos!A:A,">="&DATE(2024,1,1),Dados_Brutos!A:A,"<="&DATE(2025,12,31),Dados_Brutos!H:H,"Fora de Operação") -> 31 | D5: =COUNTIFS(Dados_Brutos!A:A,">="&$A5,Dados_Brutos!A:A,"<="&EOMONTH($A5,0),Dados_Brutos!K:K,"*Baixo*") -> 3 | E5: =COUNTIFS(Dados_Brutos!A:A,">="&$A5,Dados_Brutos!A:A,"<="&EOMONTH($A5,0),Dados_Brutos!K:K,"*Médio*") -> 0 | F5: =COUNTIFS(Dados_Brutos!A:A,">="&$A5,Dados_Brutos!A:A,"<="&EOMONTH($A5,0),Dados_Brutos!K:K,"*Alto*") -> 1 | G5: =B5*Config!$B$2 -> 2264356 | H5: =IF(B5>0, 30/B5, "Sem dados") -> 0.016987542 | I5: =IFERROR(AVERAGEIFS(Dados_Brutos!J:J, Dados_Brutos!A:A, ">="&A5, Dados_Brutos!A:A, "<="&EOMONTH(A5,0)),"-") -> 2.75 | J5: =(1-(SUMIFS(Dados_Brutos!J:J,Dados_Brutos!A:A,">="&DATE(2024,1,1),Dados_Brutos!A:A,"<="&DATE(2025,12,31))/(47*24*30))) -> 0.95537825
A6: 45462 | B6: =SUMIFS(Dados_Brutos!E:E,Dados_Brutos!A:A,">="&DATE(2024,1,1),Dados_Brutos!A:A,"<="&DATE(2025,12,1)) -> 1766 | C6: =COUNTIFS(Dados_Brutos!A:A,">="&DATE(2024,1,1),Dados_Brutos!A:A,"<="&DATE(2025,12,31),Dados_Brutos!H:H,"Fora de Operação") -> 31 | D6: =COUNTIFS(Dados_Brutos!A:A,">="&$A6,Dados_Brutos!A:A,"<="&EOMONTH($A6,0),Dados_Brutos!K:K,"*Baixo*") -> 2 | E6: =COUNTIFS(Dados_Brutos!A:A,">="&$A6,Dados_Brutos!A:A,"<="&EOMONTH($A6,0),Dados_Brutos!K:K,"*Médio*") -> 0 | F6: =COUNTIFS(Dados_Brutos!A:A,">="&$A6,Dados_Brutos!A:A,"<="&EOMONTH($A6,0),Dados_Brutos!K:K,"*Alto*") -> 1 | G6: =B6*Config!$B$2 -> 2264356 | H6: =IF(B6>0, 30/B6, "Sem dados") -> 0.016987542 | I6: =IFERROR(AVERAGEIFS(Dados_Brutos!J:J, Dados_Brutos!A:A, ">="&A6, Dados_Brutos!A:A, "<="&EOMONTH(A6,0)),"-") -> 3.6666667 | J6: =(1-(SUMIFS(Dados_Brutos!J:J,Dados_Brutos!A:A,">="&DATE(2024,1,1),Dados_Brutos!A:A,"<="&DATE(2025,12,31))/(47*24*30))) -> 0.95537825
A7: 45463 | B7: =SUMIFS(Dados_Brutos!E:E,Dados_Brutos!A:A,">="&DATE(2024,1,1),Dados_Brutos!A:A,"<="&DATE(2025,12,1)) -> 1766 | C7: =COUNTIFS(Dados_Brutos!A:A,">="&DATE(2024,1,1),Dados_Brutos!A:A,"<="&DATE(2025,12,31),Dados_Brutos!H:H,"Fora de Operação") -> 31 | D7: =COUNTIFS(Dados_Brutos!A:A,">="&$A7,Dados_Brutos!A:A,"<="&EOMONTH($A7,0),Dados_Brutos!K:K,"*Baixo*") -> 1 | E7: =COUNTIFS(Dados_Brutos!A:A,">="&$A7,Dados_Brutos!A:A,"<="&EOMONTH($A7,0),Dados_Brutos!K:K,"*Médio*") -> 0 | F7: =COUNTIFS(Dados_Brutos!A:A,">="&$A7,Dados_Brutos!A:A,"<="&EOMONTH($A7,0),Dados_Brutos!K:K,"*Alto*") -> 1 | G7: =B7*Config!$B$2 -> 2264356 | H7: =IF(B7>0, 30/B7, "Sem dados") -> 0.016987542 | I7: =IFERROR(AVERAGEIFS(Dados_Brutos!J:J, Dados_Brutos!A:A, ">="&A7, Dados_Brutos!A:A, "<="&EOMONTH(A7,0)),"-") -> 5.5 | J7: =(1-(SUMIFS(Dados_Brutos!J:J,Dados_Brutos!A:A,">="&DATE(2024,1,1),Dados_Brutos!A:A,"<="&DATE(2025,12,31))/(47*24*30))) -> 0.95537825
A8: 45465 | B8: =SUMIFS(Dados_Brutos!E:E,Dados_Brutos!A:A,">="&DATE(2024,1,1),Dados_Brutos!A:A,"<="&DATE(2025,12,1)) -> 1766 | C8: =COUNTIFS(Dados_Brutos!A:A,">="&DATE(2024,1,1),Dados_Brutos!A:A,"<="&DATE(2025,12,31),Dados_Brutos!H:H,"Fora de Operação") -> 31 | D8: =COUNTIFS(Dados_Brutos!A:A,">="&$A8,Dados_Brutos!A:A,"<="&EOMONTH($A8,0),Dados_Brutos!K:K,"*Baixo*") -> 0 | E8: =COUNTIFS(Dados_Brutos!A:A,">="&$A8,Dados_Brutos!A:A,"<="&EOMONTH($A8,0),Dados_Brutos!K:K,"*Médio*") -> 0 | F8: =COUNTIFS(Dados_Brutos!A:A,">="&$A8,Dados_Brutos!A:A,"<="&EOMONTH($A8,0),Dados_Brutos!K:K,"*Alto*") -> 0 | G8: =B8*Config!$B$2 -> 2264356 | H8: =IF(B8>0, 30/B8, "Sem dados") -> 0.016987542 | I8: =IFERROR(AVERAGEIFS(Dados_Brutos!J:J, Dados_Brutos!A:A, ">="&A8, Dados_Brutos!A:A, "<="&EOMONTH(A8,0)),"-") -> - | J8: =(1-(SUMIFS(Dados_Brutos!J:J,Dados_Brutos!A:A,">="&DATE(2024,1,1),Dados_Brutos!A:A,"<="&DATE(2025,12,31))/(47*24*30))) -> 0.95537825
A9: 45468 | B9: =SUMIFS(Dados_Brutos!E:E,Dados_Brutos!A:A,">="&DATE(2024,1,1),Dados_Brutos!A:A,"<="&DATE(2025,12,1)) -> 1766 | C9: =COUNTIFS(Dados_Brutos!A:A,">="&DATE(2024,1,1),Dados_Brutos!A:A,"<="&DATE(2025,12,31),Dados_Brutos!H:H,"Fora de Operação") -> 31 | D9: =COUNTIFS(Dados_Brutos!A:A,">="&$A9,Dados_Brutos!A:A,"<="&EOMONTH($A9,0),Dados_Brutos!K:K,"*Baixo*") -> 0 | E9: =COUNTIFS(Dados_Brutos!A:A,">="&$A9,Dados_Brutos!A:A,"<="&EOMONTH($A9,0),Dados_Brutos!K:K,"*Médio*") -> 0 | F9: =COUNTIFS(Dados_Brutos!A:A,">="&$A9,Dados_Brutos!A:A,"<="&EOMONTH($A9,0),Dados_Brutos!K:K,"*Alto*") -> 0 | G9: =B9*Config!$B$2 -> 2264356 | H9: =IF(B9>0, 30/B9, "Sem dados") -> 0.016987542 | I9: =IFERROR(AVERAGEIFS(Dados_Brutos!J:J, Dados_Brutos!A:A, ">="&A9, Dados_Brutos!A:A, "<="&EOMONTH(A9,0)),"-") -> - | J9: =(1-(SUMIFS(Dados_Brutos!J:J,Dados_Brutos!A:A,">="&DATE(2024,1,1),Dados_Brutos!A:A,"<="&DATE(2025,12,31))/(47*24*30))) -> 0.95537825
A10: 45469 | B10: =SUMIFS(Dados_Brutos!E:E,Dados_Brutos!A:A,">="&DATE(2024,1,1),Dados_Brutos!A:A,"<="&DATE(2025,12,1)) -> 1766 | C10: =COUNTIFS(Dados_Brutos!A:A,">="&DATE(2024,1,1),Dados_Brutos!A:A,"<="&DATE(2025,12,31),Dados_Brutos!H:H,"Fora de Operação") -> 31 | D10: =COUNTIFS(Dados_Brutos!A:A,">="&$A10,Dados_Brutos!A:A,"<="&EOMONTH($A10,0),Dados_Brutos!K:K,"*Baixo*") -> 0 | E10: =COUNTIFS(Dados_Brutos!A:A,">="&$A10,Dados_Brutos!A:A,"<="&EOMONTH($A10,0),Dados_Brutos!K:K,"*Médio*") -> 0 | F10: =COUNTIFS(Dados_Brutos!A:A,">="&$A10,Dados_Brutos!A:A,"<="&EOMONTH($A10,0),Dados_Brutos!K:K,"*Alto*") -> 0 | G10: =B10*Config!$B$2 -> 2264356 | H10: =IF(B10>0, 30/B10, "Sem dados") -> 0.016987542 | I10: =IFERROR(AVERAGEIFS(Dados_Brutos!J:J, Dados_Brutos!A:A, ">="&A10, Dados_Brutos!A:A, "<="&EOMONTH(A10,0)),"-") -> - | J10: =(1-(SUMIFS(Dados_Brutos!J:J,Dados_Brutos!A:A,">="&DATE(2024,1,1),Dados_Brutos!A:A,"<="&DATE(2025,12,31))/(47*24*30))) -> 0.95537825
A11: 45472 | B11: =SUMIFS(Dados_Brutos!E:E,Dados_Brutos!A:A,">="&DATE(2024,1,1),Dados_Brutos!A:A,"<="&DATE(2025,12,1)) -> 1766 | C11: =COUNTIFS(Dados_Brutos!A:A,">="&DATE(2024,1,1),Dados_Brutos!A:A,"<="&DATE(2025,12,31),Dados_Brutos!H:H,"Fora de Operação") -> 31 | D11: =COUNTIFS(Dados_Brutos!A:A,">="&$A11,Dados_Brutos!A:A,"<="&EOMONTH($A11,0),Dados_Brutos!K:K,"*Baixo*") -> 0 | E11: =COUNTIFS(Dados_Brutos!A:A,">="&$A11,Dados_Brutos!A:A,"<="&EOMONTH($A11,0),Dados_Brutos!K:K,"*Médio*") -> 0 | F11: =COUNTIFS(Dados_Brutos!A:A,">="&$A11,Dados_Brutos!A:A,"<="&EOMONTH($A11,0),Dados_Brutos!K:K,"*Alto*") -> 0 | G11: =B11*Config!$B$2 -> 2264356 | H11: =IF(B11>0, 30/B11, "Sem dados") -> 0.016987542 | I11: =IFERROR(AVERAGEIFS(Dados_Brutos!J:J, Dados_Brutos!A:A, ">="&A11, Dados_Brutos!A:A, "<="&EOMONTH(A11,0)),"-") -> - | J11: =(1-(SUMIFS(Dados_Brutos!J:J,Dados_Brutos!A:A,">="&DATE(2024,1,1),Dados_Brutos!A:A,"<="&DATE(2025,12,31))/(47*24*30))) -> 0.95537825
A12: 45475 | B12: =SUMIFS(Dados_Brutos!E:E,Dados_Brutos!A:A,">="&DATE(2024,1,1),Dados_Brutos!A:A,"<="&DATE(2025,12,1)) -> 1766 | C12: =COUNTIFS(Dados_Brutos!A:A,">="&DATE(2024,1,1),Dados_Brutos!A:A,"<="&DATE(2025,12,31),Dados_Brutos!H:H,"Fora de Operação") -> 31 | D12: =COUNTIFS(Dados_Brutos!A:A,">="&$A12,Dados_Brutos!A:A,"<="&EOMONTH($A12,0),Dados_Brutos!K:K,"*Baixo*") -> 1 | E12: =COUNTIFS(Dados_Brutos!A:A,">="&$A12,Dados_Brutos!A:A,"<="&EOMONTH($A12,0),Dados_Brutos!K:K,"*Médio*") -> 0 | F12: =COUNTIFS(Dados_Brutos!A:A,">="&$A12,Dados_Brutos!A:A,"<="&EOMONTH($A12,0),Dados_Brutos!K:K,"*Alto*") -> 0 | G12: =B12*Config!$B$2 -> 2264356 | H12: =IF(B12>0, 30/B12, "Sem dados") -> 0.016987542 | I12: =IFERROR(AVERAGEIFS(Dados_Brutos!J:J, Dados_Brutos!A:A, ">="&A12, Dados_Brutos!A:A, "<="&EOMONTH(A12,0)),"-") -> 12 | J12: =(1-(SUMIFS(Dados_Brutos!J:J,Dados_Brutos!A:A,">="&DATE(2024,1,1),Dados_Brutos!A:A,"<="&DATE(2025,12,31))/(47*24*30))) -> 0.95537825
A13: 45478 | B13: =SUMIFS(Dados_Brutos!E:E,Dados_Brutos!A:A,">="&DATE(2024,1,1),Dados_Brutos!A:A,"<="&DATE(2025,12,1)) -> 1766 | C13: =COUNTIFS(Dados_Brutos!A:A,">="&DATE(2024,1,1),Dados_Brutos!A:A,"<="&DATE(2025,12,31),Dados_Brutos!H:H,"Fora de Operação") -> 31 | D13: =COUNTIFS(Dados_Brutos!A:A,">="&$A13,Dados_Brutos!A:A,"<="&EOMONTH($A13,0),Dados_Brutos!K:K,"*Baixo*") -> 1 | E13: =COUNTIFS(Dados_Brutos!A:A,">="&$A13,Dados_Brutos!A:A,"<="&EOMONTH($A13,0),Dados_Brutos!K:K,"*Médio*") -> 0 | F13: =COUNTIFS(Dados_Brutos!A:A,">="&$A13,Dados_Brutos!A:A,"<="&EOMONTH($A13,0),Dados_Brutos!K:K,"*Alto*") -> 0 | G13: =B13*Config!$B$2 -> 2264356 | H13: =IF(B13>0, 30/B13, "Sem dados") -> 0.016987542 | I13: =IFERROR(AVERAGEIFS(Dados_Brutos!J:J, Dados_Brutos!A:A, ">="&A13, Dados_Brutos!A:A, "<="&EOMONTH(A13,0)),"-") -> 12 | J13: =(1-(SUMIFS(Dados_Brutos!J:J,Dados_Brutos!A:A,">="&DATE(2024,1,1),Dados_Brutos!A:A,"<="&DATE(2025,12,31))/(47*24*30))) -> 0.95537825
... A35: 45772 | B35: =SUMIFS(Dados_Brutos!E:E,Dados_Brutos!A:A,">="&DATE(2024,1,1),Dados_Brutos!A:A,"<="&DATE(2025,12,1)) -> 1766 | C35: =COUNTIFS(Dados_Brutos!A:A,">="&DATE(2024,1,1),Dados_Brutos!A:A,"<="&DATE(2025,12,31),Dados_Brutos!H:H,"Fora de Operação") -> 31 | D35: =COUNTIFS(Dados_Brutos!A:A,">="&$A35,Dados_Brutos!A:A,"<="&EOMONTH($A35,0),Dados_Brutos!K:K,"*Baixo*") -> 3 | E35: =COUNTIFS(Dados_Brutos!A:A,">="&$A35,Dados_Brutos!A:A,"<="&EOMONTH($A35,0),Dados_Brutos!K:K,"*Médio*") -> 0 | F35: =COUNTIFS(Dados_Brutos!A:A,">="&$A35,Dados_Brutos!A:A,"<="&EOMONTH($A35,0),Dados_Brutos!K:K,"*Alto*") -> 0 | G35: =B35*Config!$B$2 -> 2264356 | H35: =IF(B35>0, 30/B35, "Sem dados") -> 0.016987542 | I35: =IFERROR(AVERAGEIFS(Dados_Brutos!J:J, Dados_Brutos!A:A, ">="&A35, Dados_Brutos!A:A, "<="&EOMONTH(A35,0)),"-") -> 0 | J35: =(1-(SUMIFS(Dados_Brutos!J:J,Dados_Brutos!A:A,">="&DATE(2024,1,1),Dados_Brutos!A:A,"<="&DATE(2025,12,31))/(47*24*30))) -> 0.95537825

Sheet Carreiras_Criticas
A1: CARREIRA | B1: TURBINAS AFETADAS | C1: TOTAL SUBSTITUICOES | D1: CICLO MAIS AFETADO | E1: CLUSTER MAIS AFETADO | F1: PRIORIDADE MANUTENCAO | G1: CUSTO TOTAL | H1: INDICE FALHA
A2: 1 | B2: =COUNTIF(Dados_Brutos!#REF!,A2) -> #REF! | C2: =SUMIF(Dados_Brutos!#REF!,A2,Dados_Brutos!E:E) -> #REF! | D2: =IF(Tabela5[[#This Row],[TURBINAS AFETADAS]]>0, _xlfn.XLOOKUP(Tabela5[[#This Row],[CARREIRA]],Dados_Brutos!#REF!,Dados_Brutos!G:G,"Sem dados",0,-1),"Sem dados") -> #REF! | E2: =IF(Tabela5[[#This Row],[TURBINAS AFETADAS]]>0, _xlfn.XLOOKUP(Tabela5[[#This Row],[CARREIRA]],Dados_Brutos!#REF!,Dados_Brutos!C:C,"Sem dados",0,-1),"Sem dados") -> #REF! | F2: =IF(AND(B2>5,C2>20),"🔴 ALTA",IF(AND(B2>3,C2>10),"🟡 MÉDIA","🟢 BAIXA")) -> #REF! | G2: =C2*Config!$B$2 -> #REF! | H2: =IF(B2>0,C2/B2,0) -> #REF!
A3: 2 | B3: =COUNTIF(Dados_Brutos!#REF!,A3) -> #REF! | C3: =SUMIF(Dados_Brutos!#REF!,A3,Dados_Brutos!E:E) -> #REF! | D3: =IF(Tabela5[[#This Row],[TURBINAS AFETADAS]]>0, _xlfn.XLOOKUP(Tabela5[[#This Row],[CARREIRA]],Dados_Brutos!#REF!,Dados_Brutos!G:G,"Sem dados",0,-1),"Sem dados") -> #REF! | E3: =IF(Tabela5[[#This Row],[TURBINAS AFETADAS]]>0, _xlfn.XLOOKUP(Tabela5[[#This Row],[CARREIRA]],Dados_Brutos!#REF!,Dados_Brutos!C:C,"Sem dados",0,-1),"Sem dados") -> #REF! | F3: =IF(AND(B3>5,C3>20),"🔴 ALTA",IF(AND(B3>3,C3>10),"🟡 MÉDIA","🟢 BAIXA")) -> #REF! | G3: =C3*Config!$B$2 -> #REF! | H3: =IF(B3>0,C3/B3,0) -> #REF!
A4: 3 | B4: =COUNTIF(Dados_Brutos!#REF!,A4) -> #REF! | C4: =SUMIF(Dados_Brutos!#REF!,A4,Dados_Brutos!E:E) -> #REF! | D4: =IF(Tabela5[[#This Row],[TURBINAS AFETADAS]]>0, _xlfn.XLOOKUP(Tabela5[[#This Row],[CARREIRA]],Dados_Brutos!#REF!,Dados_Brutos!G:G,"Sem dados",0,-1),"Sem dados") -> #REF! | E4: =IF(Tabela5[[#This Row],[TURBINAS AFETADAS]]>0, _xlfn.XLOOKUP(Tabela5[[#This Row],[CARREIRA]],Dados_Brutos!#REF!,Dados_Brutos!C:C,"Sem dados",0,-1),"Sem dados") -> #REF! | F4: =IF(AND(B4>5,C4>20),"🔴 ALTA",IF(AND(B4>3,C4>10),"🟡 MÉDIA","🟢 BAIXA")) -> #REF! | G4: =C4*Config!$B$2 -> #REF! | H4: =IF(B4>0,C4/B4,0) -> #REF!
A5: 4 | B5: =COUNTIF(Dados_Brutos!#REF!,A5) -> #REF! | C5: =SUMIF(Dados_Brutos!#REF!,A5,Dados_Brutos!E:E) -> #REF! | D5: =IF(Tabela5[[#This Row],[TURBINAS AFETADAS]]>0, _xlfn.XLOOKUP(Tabela5[[#This Row],[CARREIRA]],Dados_Brutos!#REF!,Dados_Brutos!G:G,"Sem dados",0,-1),"Sem dados") -> #REF! | E5: =IF(Tabela5[[#This Row],[TURBINAS AFETADAS]]>0, _xlfn.XLOOKUP(Tabela5[[#This Row],[CARREIRA]],Dados_Brutos!#REF!,Dados_Brutos!C:C,"Sem dados",0,-1),"Sem dados") -> #REF! | F5: =IF(AND(B5>5,C5>20),"🔴 ALTA",IF(AND(B5>3,C5>10),"🟡 MÉDIA","🟢 BAIXA")) -> #REF! | G5: =C5*Config!$B$2 -> #REF! | H5: =IF(B5>0,C5/B5,0) -> #REF!
A6: 5 | B6: =COUNTIF(Dados_Brutos!#REF!,A6) -> #REF! | C6: =SUMIF(Dados_Brutos!#REF!,A6,Dados_Brutos!E:E) -> #REF! | D6: =IF(Tabela5[[#This Row],[TURBINAS AFETADAS]]>0, _xlfn.XLOOKUP(Tabela5[[#This Row],[CARREIRA]],Dados_Brutos!#REF!,Dados_Brutos!G:G,"Sem dados",0,-1),"Sem dados") -> #REF! | E6: =IF(Tabela5[[#This Row],[TURBINAS AFETADAS]]>0, _xlfn.XLOOKUP(Tabela5[[#This Row],[CARREIRA]],Dados_Brutos!#REF!,Dados_Brutos!C:C,"Sem dados",0,-1),"Sem dados") -> #REF! | F6: =IF(AND(B6>5,C6>20),"🔴 ALTA",IF(AND(B6>3,C6>10),"🟡 MÉDIA","🟢 BAIXA")) -> #REF! | G6: =C6*Config!$B$2 -> #REF! | H6: =IF(B6>0,C6/B6,0) -> #REF!
A7: 6 | B7: =COUNTIF(Dados_Brutos!#REF!,A7) -> #REF! | C7: =SUMIF(Dados_Brutos!#REF!,A7,Dados_Brutos!E:E) -> #REF! | D7: =IF(Tabela5[[#This Row],[TURBINAS AFETADAS]]>0, _xlfn.XLOOKUP(Tabela5[[#This Row],[CARREIRA]],Dados_Brutos!#REF!,Dados_Brutos!G:G,"Sem dados",0,-1),"Sem dados") -> #REF! | E7: =IF(Tabela5[[#This Row],[TURBINAS AFETADAS]]>0, _xlfn.XLOOKUP(Tabela5[[#This Row],[CARREIRA]],Dados_Brutos!#REF!,Dados_Brutos!C:C,"Sem dados",0,-1),"Sem dados") -> #REF! | F7: =IF(AND(B7>5,C7>20),"🔴 ALTA",IF(AND(B7>3,C7>10),"🟡 MÉDIA","🟢 BAIXA")) -> #REF! | G7: =C7*Config!$B$2 -> #REF! | H7: =IF(B7>0,C7/B7,0) -> #REF!
A8: 7 | B8: =COUNTIF(Dados_Brutos!#REF!,A8) -> #REF! | C8: =SUMIF(Dados_Brutos!#REF!,A8,Dados_Brutos!E:E) -> #REF! | D8: =IF(Tabela5[[#This Row],[TURBINAS AFETADAS]]>0, _xlfn.XLOOKUP(Tabela5[[#This Row],[CARREIRA]],Dados_Brutos!#REF!,Dados_Brutos!G:G,"Sem dados",0,-1),"Sem dados") -> #REF! | E8: =IF(Tabela5[[#This Row],[TURBINAS AFETADAS]]>0, _xlfn.XLOOKUP(Tabela5[[#This Row],[CARREIRA]],Dados_Brutos!#REF!,Dados_Brutos!C:C,"Sem dados",0,-1),"Sem dados") -> #REF! | F8: =IF(AND(B8>5,C8>20),"🔴 ALTA",IF(AND(B8>3,C8>10),"🟡 MÉDIA","🟢 BAIXA")) -> #REF! | G8: =C8*Config!$B$2 -> #REF! | H8: =IF(B8>0,C8/B8,0) -> #REF!
A9: 8 | B9: =COUNTIF(Dados_Brutos!#REF!,A9) -> #REF! | C9: =SUMIF(Dados_Brutos!#REF!,A9,Dados_Brutos!E:E) -> #REF! | D9: =IF(Tabela5[[#This Row],[TURBINAS AFETADAS]]>0, _xlfn.XLOOKUP(Tabela5[[#This Row],[CARREIRA]],Dados_Brutos!#REF!,Dados_Brutos!G:G,"Sem dados",0,-1),"Sem dados") -> #REF! | E9: =IF(Tabela5[[#This Row],[TURBINAS AFETADAS]]>0, _xlfn.XLOOKUP(Tabela5[[#This Row],[CARREIRA]],Dados_Brutos!#REF!,Dados_Brutos!C:C,"Sem dados",0,-1),"Sem dados") -> #REF! | F9: =IF(AND(B9>5,C9>20),"🔴 ALTA",IF(AND(B9>3,C9>10),"🟡 MÉDIA","🟢 BAIXA")) -> #REF! | G9: =C9*Config!$B$2 -> #REF! | H9: =IF(B9>0,C9/B9,0) -> #REF!
A10: 9 | B10: =COUNTIF(Dados_Brutos!#REF!,A10) -> #REF! | C10: =SUMIF(Dados_Brutos!#REF!,A10,Dados_Brutos!E:E) -> #REF! | D10: =IF(Tabela5[[#This Row],[TURBINAS AFETADAS]]>0, _xlfn.XLOOKUP(Tabela5[[#This Row],[CARREIRA]],Dados_Brutos!#REF!,Dados_Brutos!G:G,"Sem dados",0,-1),"Sem dados") -> #REF! | E10: =IF(Tabela5[[#This Row],[TURBINAS AFETADAS]]>0, _xlfn.XLOOKUP(Tabela5[[#This Row],[CARREIRA]],Dados_Brutos!#REF!,Dados_Brutos!C:C,"Sem dados",0,-1),"Sem dados") -> #REF! | F10: =IF(AND(B10>5,C10>20),"🔴 ALTA",IF(AND(B10>3,C10>10),"🟡 MÉDIA","🟢 BAIXA")) -> #REF! | G10: =C10*Config!$B$2 -> #REF! | H10: =IF(B10>0,C10/B10,0) -> #REF!
A11: 10 | B11: =COUNTIF(Dados_Brutos!#REF!,A11) -> #REF! | C11: =SUMIF(Dados_Brutos!#REF!,A11,Dados_Brutos!E:E) -> #REF! | D11: =IF(Tabela5[[#This Row],[TURBINAS AFETADAS]]>0, _xlfn.XLOOKUP(Tabela5[[#This Row],[CARREIRA]],Dados_Brutos!#REF!,Dados_Brutos!G:G,"Sem dados",0,-1),"Sem dados") -> #REF! | E11: =IF(Tabela5[[#This Row],[TURBINAS AFETADAS]]>0, _xlfn.XLOOKUP(Tabela5[[#This Row],[CARREIRA]],Dados_Brutos!#REF!,Dados_Brutos!C:C,"Sem dados",0,-1),"Sem dados") -> #REF! | F11: =IF(AND(B11>5,C11>20),"🔴 ALTA",IF(AND(B11>3,C11>10),"🟡 MÉDIA","🟢 BAIXA")) -> #REF! | G11: =C11*Config!$B$2 -> #REF! | H11: =IF(B11>0,C11/B11,0) -> #REF!
A12: 11 | B12: =COUNTIF(Dados_Brutos!#REF!,A12) -> #REF! | C12: =SUMIF(Dados_Brutos!#REF!,A12,Dados_Brutos!E:E) -> #REF! | D12: =IF(Tabela5[[#This Row],[TURBINAS AFETADAS]]>0, _xlfn.XLOOKUP(Tabela5[[#This Row],[CARREIRA]],Dados_Brutos!#REF!,Dados_Brutos!G:G,"Sem dados",0,-1),"Sem dados") -> #REF! | E12: =IF(Tabela5[[#This Row],[TURBINAS AFETADAS]]>0, _xlfn.XLOOKUP(Tabela5[[#This Row],[CARREIRA]],Dados_Brutos!#REF!,Dados_Brutos!C:C,"Sem dados",0,-1),"Sem dados") -> #REF! | F12: =IF(AND(B12>5,C12>20),"🔴 ALTA",IF(AND(B12>3,C12>10),"🟡 MÉDIA","🟢 BAIXA")) -> #REF! | G12: =C12*Config!$B$2 -> #REF! | H12: =IF(B12>0,C12/B12,0) -> #REF!
A13: 12 | B13: =COUNTIF(Dados_Brutos!#REF!,A13) -> #REF! | C13: =SUMIF(Dados_Brutos!#REF!,A13,Dados_Brutos!E:E) -> #REF! | D13: =IF(Tabela5[[#This Row],[TURBINAS AFETADAS]]>0, _xlfn.XLOOKUP(Tabela5[[#This Row],[CARREIRA]],Dados_Brutos!#REF!,Dados_Brutos!G:G,"Sem dados",0,-1),"Sem dados") -> #REF! | E13: =IF(Tabela5[[#This Row],[TURBINAS AFETADAS]]>0, _xlfn.XLOOKUP(Tabela5[[#This Row],[CARREIRA]],Dados_Brutos!#REF!,Dados_Brutos!C:C,"Sem dados",0,-1),"Sem dados") -> #REF! | F13: =IF(AND(B13>5,C13>20),"🔴 ALTA",IF(AND(B13>3,C13>10),"🟡 MÉDIA","🟢 BAIXA")) -> #REF! | G13: =C13*Config!$B$2 -> #REF! | H13: =IF(B13>0,C13/B13,0) -> #REF!
... A121: 120 | B121: =COUNTIF(Dados_Brutos!#REF!,A121) -> #REF! | C121: =SUMIF(Dados_Brutos!#REF!,A121,Dados_Brutos!E:E) -> #REF! | D121: =IF(Tabela5[[#This Row],[TURBINAS AFETADAS]]>0, _xlfn.XLOOKUP(Tabela5[[#This Row],[CARREIRA]],Dados_Brutos!#REF!,Dados_Brutos!G:G,"Sem dados",0,-1),"Sem dados") -> #REF! | E121: =IF(Tabela5[[#This Row],[TURBINAS AFETADAS]]>0, _xlfn.XLOOKUP(Tabela5[[#This Row],[CARREIRA]],Dados_Brutos!#REF!,Dados_Brutos!C:C,"Sem dados",0,-1),"Sem dados") -> #REF! | F121: =IF(AND(B121>5,C121>20),"🔴 ALTA",IF(AND(B121>3,C121>10),"🟡 MÉDIA","🟢 BAIXA")) -> #REF! | G121: =C121*Config!$B$2 -> #REF! | H121: =IF(B121>0,C121/B121,0) -> #REF!

Sheet Carreiras
A1: DATA INSPECAO | B1: OS | C1: CLUSTER | D1: TURBINA | E1: QTD IMAS TROCADOS | F1: CICLO INSPECAO | G1: Qtd. Carreiras/ 1º Ciclo | H1: Qtd. Carreiras/ 2º Ciclo | I1: Qtd. Carreiras/ 3º Ciclo | J1: Qtd. Carreiras/ 4º Ciclo | K1: Troca de Spindle | L1: C-01 | M1: C-02 | N1: C-03 | O1: C-04 | P1: C-05 | Q1: C-06 | R1: C-07 | S1: C-08 | T1: C-09 | U1: C-10 | V1: C-11 | W1: C-12 | X1: C-13 | Y1: C-14 | Z1: C-15 | AA1: C-16 | AB1: C-17 | AC1: C-18 | AD1: C-19 | AE1: C-20 | AF1: C-21 | AG1: C-22 | AH1: C-23 | AI1: C-24 | AJ1: C-25 | AK1: C-26 | AL1: C-27 | AM1: C-28 | AN1: C-29 | AO1: C-30 | AP1: C-31 | AQ1: C-32 | AR1: C-33 | AS1: C-34 | AT1: C-35 | AU1: C-36 | AV1: C-37 | AW1: C-38 | AX1: C-39 | AY1: C-40 | AZ1: C-41 | BA1: C-42 | BB1: C-43 | BC1: C-44 | BD1: C-45 | BE1: C-46 | BF1: C-47 | BG1: C-48 | BH1: C-49 | BI1: C-50 | BJ1: C-51 | BK1: C-52 | BL1: C-53 | BM1: C-54 | BN1: C-55 | BO1: C-56 | BP1: C-57 | BQ1: C-58 | BR1: C-59 | BS1: C-60 | BT1: C-61 | BU1: C-62 | BV1: C-63 | BW1: C-64 | BX1: C-65 | BY1: C-66 | BZ1: C-67 | CA1: C-68 | CB1: C-69 | CC1: C-70 | CD1: C-71 | CE1: C-72 | CF1: C-73 | CG1: C-74 | CH1: C-75 | CI1: C-76 | CJ1: C-77 | CK1: C-78 | CL1: C-79 | CM1: C-80 | CN1: C-81 | CO1: C-82 | CP1: C-83 | CQ1: C-84 | CR1: C-85 | CS1: C-86 | CT1: C-87 | CU1: C-88 | CV1: C-89 | CW1: C-90 | CX1: C-91 | CY1: C-92 | CZ1: C-93 | DA1: C-94 | DB1: C-95 | DC1: C-96 | DD1: C-97 | DE1: C-98 | DF1: C-99 | DG1: C-100 | DH1: C-101 | DI1: C-102 | DJ1: C-103 | DK1: C-104 | DL1: C-105 | DM1: C-106 | DN1: C-107 | DO1: C-108 | DP1: C-109 | DQ1: C-110 | DR1: C-111 | DS1: C-112 | DT1: C-113 | DU1: C-114 | DV1: C-115 | DW1: C-116 | DX1: C-117 | DY1: C-118 | DZ1: C-119 | EA1: C-120
A2: 45439 | B2: - | C2: Garrote | D2: AEG-01 | E2: 0 | F2: Primeiro Ciclo | G2: =IF(Tabela16[[#This Row],[CICLO INSPECAO]]="Primeiro Ciclo",COUNTIF(Tabela16[[#This Row],[C-01]:[C-120]],"x"),0) -> 0 | H2: =IF(Tabela16[[#This Row],[CICLO INSPECAO]]="Segundo Ciclo",COUNTIF(Tabela16[[#This Row],[C-01]:[C-120]],"x"),0) -> 0 | I2: =IF(Tabela16[[#This Row],[CICLO INSPECAO]]="Terceiro Ciclo",COUNTIF(Tabela16[[#This Row],[C-01]:[C-120]],"x"),0) -> 0 | J2: =IF(Tabela16[[#This Row],[CICLO INSPECAO]]="Quarto Ciclo",COUNTIF(Tabela16[[#This Row],[C-01]:[C-120]],"x"),0) -> 0 | K2: =IF(Tabela16[[#This Row],[CICLO INSPECAO]]="Troca de Spindle",COUNTIF(Tabela16[[#This Row],[C-01]:[C-120]],"x"),0) -> 0
A3: 45623 | B3: - | C3: Garrote | D3: AEG-01 | E3: 0 | F3: Segundo Ciclo | G3: =IF(Tabela16[[#This Row],[CICLO INSPECAO]]="Primeiro Ciclo",COUNTIF(Tabela16[[#This Row],[C-01]:[C-120]],"x"),0) -> 0 | H3: =IF(Tabela16[[#This Row],[CICLO INSPECAO]]="Segundo Ciclo",COUNTIF(Tabela16[[#This Row],[C-01]:[C-120]],"x"),0) -> 0 | I3: =IF(Tabela16[[#This Row],[CICLO INSPECAO]]="Terceiro Ciclo",COUNTIF(Tabela16[[#This Row],[C-01]:[C-120]],"x"),0) -> 0 | J3: =IF(Tabela16[[#This Row],[CICLO INSPECAO]]="Quarto Ciclo",COUNTIF(Tabela16[[#This Row],[C-01]:[C-120]],"x"),0) -> 0 | K3: =IF(Tabela16[[#This Row],[CICLO INSPECAO]]="Troca de Spindle",COUNTIF(Tabela16[[#This Row],[C-01]:[C-120]],"x"),0) -> 0
A4: 45775 | B4: - | C4: Garrote | D4: AEG-01 | E4: 0 | F4: Terceiro Ciclo | G4: =IF(Tabela16[[#This Row],[CICLO INSPECAO]]="Primeiro Ciclo",COUNTIF(Tabela16[[#This Row],[C-01]:[C-120]],"x"),0) -> 0 | H4: =IF(Tabela16[[#This Row],[CICLO INSPECAO]]="Segundo Ciclo",COUNTIF(Tabela16[[#This Row],[C-01]:[C-120]],"x"),0) -> 0 | I4: =IF(Tabela16[[#This Row],[CICLO INSPECAO]]="Terceiro Ciclo",COUNTIF(Tabela16[[#This Row],[C-01]:[C-120]],"x"),0) -> 0 | J4: =IF(Tabela16[[#This Row],[CICLO INSPECAO]]="Quarto Ciclo",COUNTIF(Tabela16[[#This Row],[C-01]:[C-120]],"x"),0) -> 0 | K4: =IF(Tabela16[[#This Row],[CICLO INSPECAO]]="Troca de Spindle",COUNTIF(Tabela16[[#This Row],[C-01]:[C-120]],"x"),0) -> 0
A5: 45456 | B5: - | C5: Santo Inacio IV | D5: AEG-02 | E5: 0 | F5: Primeiro Ciclo | G5: =IF(Tabela16[[#This Row],[CICLO INSPECAO]]="Primeiro Ciclo",COUNTIF(Tabela16[[#This Row],[C-01]:[C-120]],"x"),0) -> 0 | H5: =IF(Tabela16[[#This Row],[CICLO INSPECAO]]="Segundo Ciclo",COUNTIF(Tabela16[[#This Row],[C-01]:[C-120]],"x"),0) -> 0 | I5: =IF(Tabela16[[#This Row],[CICLO INSPECAO]]="Terceiro Ciclo",COUNTIF(Tabela16[[#This Row],[C-01]:[C-120]],"x"),0) -> 0 | J5: =IF(Tabela16[[#This Row],[CICLO INSPECAO]]="Quarto Ciclo",COUNTIF(Tabela16[[#This Row],[C-01]:[C-120]],"x"),0) -> 0 | K5: =IF(Tabela16[[#This Row],[CICLO INSPECAO]]="Troca de Spindle",COUNTIF(Tabela16[[#This Row],[C-01]:[C-120]],"x"),0) -> 0
A6: 45639 | B6: - | C6: Santo Inacio IV | D6: AEG-02 | E6: 0 | F6: Segundo Ciclo | G6: =IF(Tabela16[[#This Row],[CICLO INSPECAO]]="Primeiro Ciclo",COUNTIF(Tabela16[[#This Row],[C-01]:[C-120]],"x"),0) -> 0 | H6: =IF(Tabela16[[#This Row],[CICLO INSPECAO]]="Segundo Ciclo",COUNTIF(Tabela16[[#This Row],[C-01]:[C-120]],"x"),0) -> 0 | I6: =IF(Tabela16[[#This Row],[CICLO INSPECAO]]="Terceiro Ciclo",COUNTIF(Tabela16[[#This Row],[C-01]:[C-120]],"x"),0) -> 0 | J6: =IF(Tabela16[[#This Row],[CICLO INSPECAO]]="Quarto Ciclo",COUNTIF(Tabela16[[#This Row],[C-01]:[C-120]],"x"),0) -> 0 | K6: =IF(Tabela16[[#This Row],[CICLO INSPECAO]]="Troca de Spindle",COUNTIF(Tabela16[[#This Row],[C-01]:[C-120]],"x"),0) -> 0
A7: 45462 | B7: - | C7: Santo Inacio IV | D7: AEG-03 | E7: 0 | F7: Primeiro Ciclo | G7: =IF(Tabela16[[#This Row],[CICLO INSPECAO]]="Primeiro Ciclo",COUNTIF(Tabela16[[#This Row],[C-01]:[C-120]],"x"),0) -> 0 | H7: =IF(Tabela16[[#This Row],[CICLO INSPECAO]]="Segundo Ciclo",COUNTIF(Tabela16[[#This Row],[C-01]:[C-120]],"x"),0) -> 0 | I7: =IF(Tabela16[[#This Row],[CICLO INSPECAO]]="Terceiro Ciclo",COUNTIF(Tabela16[[#This Row],[C-01]:[C-120]],"x"),0) -> 0 | J7: =IF(Tabela16[[#This Row],[CICLO INSPECAO]]="Quarto Ciclo",COUNTIF(Tabela16[[#This Row],[C-01]:[C-120]],"x"),0) -> 0 | K7: =IF(Tabela16[[#This Row],[CICLO INSPECAO]]="Troca de Spindle",COUNTIF(Tabela16[[#This Row],[C-01]:[C-120]],"x"),0) -> 0
A8: 45644 | B8: - | C8: Santo Inacio IV | D8: AEG-03 | E8: 0 | F8: Segundo Ciclo | G8: =IF(Tabela16[[#This Row],[CICLO INSPECAO]]="Primeiro Ciclo",COUNTIF(Tabela16[[#This Row],[C-01]:[C-120]],"x"),0) -> 0 | H8: =IF(Tabela16[[#This Row],[CICLO INSPECAO]]="Segundo Ciclo",COUNTIF(Tabela16[[#This Row],[C-01]:[C-120]],"x"),0) -> 0 | I8: =IF(Tabela16[[#This Row],[CICLO INSPECAO]]="Terceiro Ciclo",COUNTIF(Tabela16[[#This Row],[C-01]:[C-120]],"x"),0) -> 0 | J8: =IF(Tabela16[[#This Row],[CICLO INSPECAO]]="Quarto Ciclo",COUNTIF(Tabela16[[#This Row],[C-01]:[C-120]],"x"),0) -> 0 | K8: =IF(Tabela16[[#This Row],[CICLO INSPECAO]]="Troca de Spindle",COUNTIF(Tabela16[[#This Row],[C-01]:[C-120]],"x"),0) -> 0
A9: 45436 | B9: - | C9: Garrote | D9: AEG-04 | E9: 0 | F9: Primeiro Ciclo | G9: =IF(Tabela16[[#This Row],[CICLO INSPECAO]]="Primeiro Ciclo",COUNTIF(Tabela16[[#This Row],[C-01]:[C-120]],"x"),0) -> 0 | H9: =IF(Tabela16[[#This Row],[CICLO INSPECAO]]="Segundo Ciclo",COUNTIF(Tabela16[[#This Row],[C-01]:[C-120]],"x"),0) -> 0 | I9: =IF(Tabela16[[#This Row],[CICLO INSPECAO]]="Terceiro Ciclo",COUNTIF(Tabela16[[#This Row],[C-01]:[C-120]],"x"),0) -> 0 | J9: =IF(Tabela16[[#This Row],[CICLO INSPECAO]]="Quarto Ciclo",COUNTIF(Tabela16[[#This Row],[C-01]:[C-120]],"x"),0) -> 0 | K9: =IF(Tabela16[[#This Row],[CICLO INSPECAO]]="Troca de Spindle",COUNTIF(Tabela16[[#This Row],[C-01]:[C-120]],"x"),0) -> 0
A10: 45642 | B10: - | C10: Garrote | D10: AEG-04 | E10: 0 | F10: Segundo Ciclo | G10: =IF(Tabela16[[#This Row],[CICLO INSPECAO]]="Primeiro Ciclo",COUNTIF(Tabela16[[#This Row],[C-01]:[C-120]],"x"),0) -> 0 | H10: =IF(Tabela16[[#This Row],[CICLO INSPECAO]]="Segundo Ciclo",COUNTIF(Tabela16[[#This Row],[C-01]:[C-120]],"x"),0) -> 0 | I10: =IF(Tabela16[[#This Row],[CICLO INSPECAO]]="Terceiro Ciclo",COUNTIF(Tabela16[[#This Row],[C-01]:[C-120]],"x"),0) -> 0 | J10: =IF(Tabela16[[#This Row],[CICLO INSPECAO]]="Quarto Ciclo",COUNTIF(Tabela16[[#This Row],[C-01]:[C-120]],"x"),0) -> 0 | K10: =IF(Tabela16[[#This Row],[CICLO INSPECAO]]="Troca de Spindle",COUNTIF(Tabela16[[#This Row],[C-01]:[C-120]],"x"),0) -> 0
A11: 45734 | B11: - | C11: Garrote | D11: AEG-04 | E11: 0 | F11: Terceiro Ciclo | G11: =IF(Tabela16[[#This Row],[CICLO INSPECAO]]="Primeiro Ciclo",COUNTIF(Tabela16[[#This Row],[C-01]:[C-120]],"x"),0) -> 0 | H11: =IF(Tabela16[[#This Row],[CICLO INSPECAO]]="Segundo Ciclo",COUNTIF(Tabela16[[#This Row],[C-01]:[C-120]],"x"),0) -> 0 | I11: =IF(Tabela16[[#This Row],[CICLO INSPECAO]]="Terceiro Ciclo",COUNTIF(Tabela16[[#This Row],[C-01]:[C-120]],"x"),0) -> 0 | J11: =IF(Tabela16[[#This Row],[CICLO INSPECAO]]="Quarto Ciclo",COUNTIF(Tabela16[[#This Row],[C-01]:[C-120]],"x"),0) -> 0 | K11: =IF(Tabela16[[#This Row],[CICLO INSPECAO]]="Troca de Spindle",COUNTIF(Tabela16[[#This Row],[C-01]:[C-120]],"x"),0) -> 0
A12: 45425 | B12: 66932 | C12: Santo Inacio III | D12: AEG-05 | E12: 60 | F12: Primeiro Ciclo | G12: =IF(Tabela16[[#This Row],[CICLO INSPECAO]]="Primeiro Ciclo",COUNTIF(Tabela16[[#This Row],[C-01]:[C-120]],"x"),0) -> 6 | H12: =IF(Tabela16[[#This Row],[CICLO INSPECAO]]="Segundo Ciclo",COUNTIF(Tabela16[[#This Row],[C-01]:[C-120]],"x"),0) -> 0 | I12: =IF(Tabela16[[#This Row],[CICLO INSPECAO]]="Terceiro Ciclo",COUNTIF(Tabela16[[#This Row],[C-01]:[C-120]],"x"),0) -> 0 | J12: =IF(Tabela16[[#This Row],[CICLO INSPECAO]]="Quarto Ciclo",COUNTIF(Tabela16[[#This Row],[C-01]:[C-120]],"x"),0) -> 0 | K12: =IF(Tabela16[[#This Row],[CICLO INSPECAO]]="Troca de Spindle",COUNTIF(Tabela16[[#This Row],[C-01]:[C-120]],"x"),0) -> 0 | Y12: X | AL12: X | DA12: X | DB12: X | DC12: X | DF12: X
A13: 45637 | B13: - | C13: Santo Inacio III | D13: AEG-05 | E13: 0 | F13: Segundo Ciclo | G13: =IF(Tabela16[[#This Row],[CICLO INSPECAO]]="Primeiro Ciclo",COUNTIF(Tabela16[[#This Row],[C-01]:[C-120]],"x"),0) -> 0 | H13: =IF(Tabela16[[#This Row],[CICLO INSPECAO]]="Segundo Ciclo",COUNTIF(Tabela16[[#This Row],[C-01]:[C-120]],"x"),0) -> 0 | I13: =IF(Tabela16[[#This Row],[CICLO INSPECAO]]="Terceiro Ciclo",COUNTIF(Tabela16[[#This Row],[C-01]:[C-120]],"x"),0) -> 0 | J13: =IF(Tabela16[[#This Row],[CICLO INSPECAO]]="Quarto Ciclo",COUNTIF(Tabela16[[#This Row],[C-01]:[C-120]],"x"),0) -> 0 | K13: =IF(Tabela16[[#This Row],[CICLO INSPECAO]]="Troca de Spindle",COUNTIF(Tabela16[[#This Row],[C-01]:[C-120]],"x"),0) -> 0
A14: 45749 | B14: - | C14: Santo Inacio III | D14: AEG-05 | E14: 20 | F14: Terceiro Ciclo | G14: =IF(Tabela16[[#This Row],[CICLO INSPECAO]]="Primeiro Ciclo",COUNTIF(Tabela16[[#This Row],[C-01]:[C-120]],"x"),0) -> 0 | H14: =IF(Tabela16[[#This Row],[CICLO INSPECAO]]="Segundo Ciclo",COUNTIF(Tabela16[[#This Row],[C-01]:[C-120]],"x"),0) -> 0 | I14: =IF(Tabela16[[#This Row],[CICLO INSPECAO]]="Terceiro Ciclo",COUNTIF(Tabela16[[#This Row],[C-01]:[C-120]],"x"),0) -> 2 | J14: =IF(Tabela16[[#This Row],[CICLO INSPECAO]]="Quarto Ciclo",COUNTIF(Tabela16[[#This Row],[C-01]:[C-120]],"x"),0) -> 0 | K14: =IF(Tabela16[[#This Row],[CICLO INSPECAO]]="Troca de Spindle",COUNTIF(Tabela16[[#This Row],[C-01]:[C-120]],"x"),0) -> 0 | BO14: X | DT14: X
A15: 45408 | B15: 66434 | C15: Santo Inacio III | D15: AEG-06 | E15: 20 | F15: Primeiro Ciclo | G15: =IF(Tabela16[[#This Row],[CICLO INSPECAO]]="Primeiro Ciclo",COUNTIF(Tabela16[[#This Row],[C-01]:[C-120]],"x"),0) -> 2 | H15: =IF(Tabela16[[#This Row],[CICLO INSPECAO]]="Segundo Ciclo",COUNTIF(Tabela16[[#This Row],[C-01]:[C-120]],"x"),0) -> 0 | I15: =IF(Tabela16[[#This Row],[CICLO INSPECAO]]="Terceiro Ciclo",COUNTIF(Tabela16[[#This Row],[C-01]:[C-120]],"x"),0) -> 0 | J15: =IF(Tabela16[[#This Row],[CICLO INSPECAO]]="Quarto Ciclo",COUNTIF(Tabela16[[#This Row],[C-01]:[C-120]],"x"),0) -> 0 | K15: =IF(Tabela16[[#This Row],[CICLO INSPECAO]]="Troca de Spindle",COUNTIF(Tabela16[[#This Row],[C-01]:[C-120]],"x"),0) -> 0 | AT15: X | BZ15: X
A16: 45624 | B16: - | C16: Santo Inacio III | D16: AEG-06 | E16: 0 | F16: Segundo Ciclo | G16: =IF(Tabela16[[#This Row],[CICLO INSPECAO]]="Primeiro Ciclo",COUNTIF(Tabela16[[#This Row],[C-01]:[C-120]],"x"),0) -> 0 | H16: =IF(Tabela16[[#This Row],[CICLO INSPECAO]]="Segundo Ciclo",COUNTIF(Tabela16[[#This Row],[C-01]:[C-120]],"x"),0) -> 0 | I16: =IF(Tabela16[[#This Row],[CICLO INSPECAO]]="Terceiro Ciclo",COUNTIF(Tabela16[[#This Row],[C-01]:[C-120]],"x"),0) -> 0 | J16: =IF(Tabela16[[#This Row],[CICLO INSPECAO]]="Quarto Ciclo",COUNTIF(Tabela16[[#This Row],[C-01]:[C-120]],"x"),0) -> 0 | K16: =IF(Tabela16[[#This Row],[CICLO INSPECAO]]="Troca de Spindle",COUNTIF(Tabela16[[#This Row],[C-01]:[C-120]],"x"),0) -> 0
A17: 45453 | B17: 67613 | C17: Santo Inacio III | D17: AEG-07 | E17: 30 | F17: Primeiro Ciclo | G17: =IF(Tabela16[[#This Row],[CICLO INSPECAO]]="Primeiro Ciclo",COUNTIF(Tabela16[[#This Row],[C-01]:[C-120]],"x"),0) -> 3 | H17: =IF(Tabela16[[#This Row],[CICLO INSPECAO]]="Segundo Ciclo",COUNTIF(Tabela16[[#This Row],[C-01]:[C-120]],"x"),0) -> 0 | I17: =IF(Tabela16[[#This Row],[CICLO INSPECAO]]="Terceiro Ciclo",COUNTIF(Tabela16[[#This Row],[C-01]:[C-120]],"x"),0) -> 0 | J17: =IF(Tabela16[[#This Row],[CICLO INSPECAO]]="Quarto Ciclo",COUNTIF(Tabela16[[#This Row],[C-01]:[C-120]],"x"),0) -> 0 | K17: =IF(Tabela16[[#This Row],[CICLO INSPECAO]]="Troca de Spindle",COUNTIF(Tabela16[[#This Row],[C-01]:[C-120]],"x"),0) -> 0 | P17: X | AR17: X | EA17: X
A18: 45624 | B18: - | C18: Santo Inacio III | D18: AEG-07 | E18: 0 | F18: Segundo Ciclo | G18: =IF(Tabela16[[#This Row],[CICLO INSPECAO]]="Primeiro Ciclo",COUNTIF(Tabela16[[#This Row],[C-01]:[C-120]],"x"),0) -> 0 | H18: =IF(Tabela16[[#This Row],[CICLO INSPECAO]]="Segundo Ciclo",COUNTIF(Tabela16[[#This Row],[C-01]:[C-120]],"x"),0) -> 0 | I18: =IF(Tabela16[[#This Row],[CICLO INSPECAO]]="Terceiro Ciclo",COUNTIF(Tabela16[[#This Row],[C-01]:[C-120]],"x"),0) -> 0 | J18: =IF(Tabela16[[#This Row],[CICLO INSPECAO]]="Quarto Ciclo",COUNTIF(Tabela16[[#This Row],[C-01]:[C-120]],"x"),0) -> 0 | K18: =IF(Tabela16[[#This Row],[CICLO INSPECAO]]="Troca de Spindle",COUNTIF(Tabela16[[#This Row],[C-01]:[C-120]],"x"),0) -> 0
A19: 45441 | B19: - | C19: São Raimundo | D19: AEG-08 | E19: 0 | F19: Primeiro Ciclo | G19: =IF(Tabela16[[#This Row],[CICLO INSPECAO]]="Primeiro Ciclo",COUNTIF(Tabela16[[#This Row],[C-01]:[C-120]],"x"),0) -> 0 | H19: =IF(Tabela16[[#This Row],[CICLO INSPECAO]]="Segundo Ciclo",COUNTIF(Tabela16[[#This Row],[C-01]:[C-120]],"x"),0) -> 0 | I19: =IF(Tabela16[[#This Row],[CICLO INSPECAO]]="Terceiro Ciclo",COUNTIF(Tabela16[[#This Row],[C-01]:[C-120]],"x"),0) -> 0 | J19: =IF(Tabela16[[#This Row],[CICLO INSPECAO]]="Quarto Ciclo",COUNTIF(Tabela16[[#This Row],[C-01]:[C-120]],"x"),0) -> 0 | K19: =IF(Tabela16[[#This Row],[CICLO INSPECAO]]="Troca de Spindle",COUNTIF(Tabela16[[#This Row],[C-01]:[C-120]],"x"),0) -> 0
A20: 45589 | B20: - | C20: São Raimundo | D20: AEG-08 | E20: 3 | F20: Troca de Spindle | G20: =IF(Tabela16[[#This Row],[CICLO INSPECAO]]="Primeiro Ciclo",COUNTIF(Tabela16[[#This Row],[C-01]:[C-120]],"x"),0) -> 0 | H20: =IF(Tabela16[[#This Row],[CICLO INSPECAO]]="Segundo Ciclo",COUNTIF(Tabela16[[#This Row],[C-01]:[C-120]],"x"),0) -> 0 | I20: =IF(Tabela16[[#This Row],[CICLO INSPECAO]]="Terceiro Ciclo",COUNTIF(Tabela16[[#This Row],[C-01]:[C-120]],"x"),0) -> 0 | J20: =IF(Tabela16[[#This Row],[CICLO INSPECAO]]="Quarto Ciclo",COUNTIF(Tabela16[[#This Row],[C-01]:[C-120]],"x"),0) -> 0 | K20: =IF(Tabela16[[#This Row],[CICLO INSPECAO]]="Troca de Spindle",COUNTIF(Tabela16[[#This Row],[C-01]:[C-120]],"x"),0) -> 0
A21: 45616 | B21: - | C21: São Raimundo | D21: AEG-08 | E21: 0 | F21: Segundo Ciclo | G21: =IF(Tabela16[[#This Row],[CICLO INSPECAO]]="Primeiro Ciclo",COUNTIF(Tabela16[[#This Row],[C-01]:[C-120]],"x"),0) -> 0 | H21: =IF(Tabela16[[#This Row],[CICLO INSPECAO]]="Segundo Ciclo",COUNTIF(Tabela16[[#This Row],[C-01]:[C-120]],"x"),0) -> 0 | I21: =IF(Tabela16[[#This Row],[CICLO INSPECAO]]="Terceiro Ciclo",COUNTIF(Tabela16[[#This Row],[C-01]:[C-120]],"x"),0) -> 0 | J21: =IF(Tabela16[[#This Row],[CICLO INSPECAO]]="Quarto Ciclo",COUNTIF(Tabela16[[#This Row],[C-01]:[C-120]],"x"),0) -> 0 | K21: =IF(Tabela16[[#This Row],[CICLO INSPECAO]]="Troca de Spindle",COUNTIF(Tabela16[[#This Row],[C-01]:[C-120]],"x"),0) -> 0
A22: 45784 | B22: - | C22: São Raimundo | D22: AEG-08 | E22: 0 | F22: Terceiro Ciclo | G22: =IF(Tabela16[[#This Row],[CICLO INSPECAO]]="Primeiro Ciclo",COUNTIF(Tabela16[[#This Row],[C-01]:[C-120]],"x"),0) -> 0 | H22: =IF(Tabela16[[#This Row],[CICLO INSPECAO]]="Segundo Ciclo",COUNTIF(Tabela16[[#This Row],[C-01]:[C-120]],"x"),0) -> 0 | I22: =IF(Tabela16[[#This Row],[CICLO INSPECAO]]="Terceiro Ciclo",COUNTIF(Tabela16[[#This Row],[C-01]:[C-120]],"x"),0) -> 0 | J22: =IF(Tabela16[[#This Row],[CICLO INSPECAO]]="Quarto Ciclo",COUNTIF(Tabela16[[#This Row],[C-01]:[C-120]],"x"),0) -> 0 | K22: =IF(Tabela16[[#This Row],[CICLO INSPECAO]]="Troca de Spindle",COUNTIF(Tabela16[[#This Row],[C-01]:[C-120]],"x"),0) -> 0
A23: 45443 | B23: 67180 | C23: São Raimundo | D23: AEG-09 | E23: 20 | F23: Primeiro Ciclo | G23: =IF(Tabela16[[#This Row],[CICLO INSPECAO]]="Primeiro Ciclo",COUNTIF(Tabela16[[#This Row],[C-01]:[C-120]],"x"),0) -> 2 | H23: =IF(Tabela16[[#This Row],[CICLO INSPECAO]]="Segundo Ciclo",COUNTIF(Tabela16[[#This Row],[C-01]:[C-120]],"x"),0) -> 0 | I23: =IF(Tabela16[[#This Row],[CICLO INSPECAO]]="Terceiro Ciclo",COUNTIF(Tabela16[[#This Row],[C-01]:[C-120]],"x"),0) -> 0 | J23: =IF(Tabela16[[#This Row],[CICLO INSPECAO]]="Quarto Ciclo",COUNTIF(Tabela16[[#This Row],[C-01]:[C-120]],"x"),0) -> 0 | K23: =IF(Tabela16[[#This Row],[CICLO INSPECAO]]="Troca de Spindle",COUNTIF(Tabela16[[#This Row],[C-01]:[C-120]],"x"),0) -> 0 | BS23: X | DG23: X
A24: 45615 | B24: - | C24: São Raimundo | D24: AEG-09 | E24: 0 | F24: Segundo Ciclo | G24: =IF(Tabela16[[#This Row],[CICLO INSPECAO]]="Primeiro Ciclo",COUNTIF(Tabela16[[#This Row],[C-01]:[C-120]],"x"),0) -> 0 | H24: =IF(Tabela16[[#This Row],[CICLO INSPECAO]]="Segundo Ciclo",COUNTIF(Tabela16[[#This Row],[C-01]:[C-120]],"x"),0) -> 0 | I24: =IF(Tabela16[[#This Row],[CICLO INSPECAO]]="Terceiro Ciclo",COUNTIF(Tabela16[[#This Row],[C-01]:[C-120]],"x"),0) -> 0 | J24: =IF(Tabela16[[#This Row],[CICLO INSPECAO]]="Quarto Ciclo",COUNTIF(Tabela16[[#This Row],[C-01]:[C-120]],"x"),0) -> 0 | K24: =IF(Tabela16[[#This Row],[CICLO INSPECAO]]="Troca de Spindle",COUNTIF(Tabela16[[#This Row],[C-01]:[C-120]],"x"),0) -> 0
A25: 45786 | B25: - | C25: São Raimundo | D25: AEG-09 | E25: 0 | F25: Terceiro Ciclo | G25: =IF(Tabela16[[#This Row],[CICLO INSPECAO]]="Primeiro Ciclo",COUNTIF(Tabela16[[#This Row],[C-01]:[C-120]],"x"),0) -> 0 | H25: =IF(Tabela16[[#This Row],[CICLO INSPECAO]]="Segundo Ciclo",COUNTIF(Tabela16[[#This Row],[C-01]:[C-120]],"x"),0) -> 0 | I25: =IF(Tabela16[[#This Row],[CICLO INSPECAO]]="Terceiro Ciclo",COUNTIF(Tabela16[[#This Row],[C-01]:[C-120]],"x"),0) -> 0 | J25: =IF(Tabela16[[#This Row],[CICLO INSPECAO]]="Quarto Ciclo",COUNTIF(Tabela16[[#This Row],[C-01]:[C-120]],"x"),0) -> 0 | K25: =IF(Tabela16[[#This Row],[CICLO INSPECAO]]="Troca de Spindle",COUNTIF(Tabela16[[#This Row],[C-01]:[C-120]],"x"),0) -> 0
A26: 45446 | B26: - | C26: São Raimundo | D26: AEG-10 | E26: 0 | F26: Primeiro Ciclo | G26: =IF(Tabela16[[#This Row],[CICLO INSPECAO]]="Primeiro Ciclo",COUNTIF(Tabela16[[#This Row],[C-01]:[C-120]],"x"),0) -> 0 | H26: =IF(Tabela16[[#This Row],[CICLO INSPECAO]]="Segundo Ciclo",COUNTIF(Tabela16[[#This Row],[C-01]:[C-120]],"x"),0) -> 0 | I26: =IF(Tabela16[[#This Row],[CICLO INSPECAO]]="Terceiro Ciclo",COUNTIF(Tabela16[[#This Row],[C-01]:[C-120]],"x"),0) -> 0 | J26: =IF(Tabela16[[#This Row],[CICLO INSPECAO]]="Quarto Ciclo",COUNTIF(Tabela16[[#This Row],[C-01]:[C-120]],"x"),0) -> 0 | K26: =IF(Tabela16[[#This Row],[CICLO INSPECAO]]="Troca de Spindle",COUNTIF(Tabela16[[#This Row],[C-01]:[C-120]],"x"),0) -> 0
A27: 45624 | B27: - | C27: São Raimundo | D27: AEG-10 | E27: 0 | F27: Segundo Ciclo | G27: =IF(Tabela16[[#This Row],[CICLO INSPECAO]]="Primeiro Ciclo",COUNTIF(Tabela16[[#This Row],[C-01]:[C-120]],"x"),0) -> 0 | H27: =IF(Tabela16[[#This Row],[CICLO INSPECAO]]="Segundo Ciclo",COUNTIF(Tabela16[[#This Row],[C-01]:[C-120]],"x"),0) -> 0 | I27: =IF(Tabela16[[#This Row],[CICLO INSPECAO]]="Terceiro Ciclo",COUNTIF(Tabela16[[#This Row],[C-01]:[C-120]],"x"),0) -> 0 | J27: =IF(Tabela16[[#This Row],[CICLO INSPECAO]]="Quarto Ciclo",COUNTIF(Tabela16[[#This Row],[C-01]:[C-120]],"x"),0) -> 0 | K27: =IF(Tabela16[[#This Row],[CICLO INSPECAO]]="Troca de Spindle",COUNTIF(Tabela16[[#This Row],[C-01]:[C-120]],"x"),0) -> 0
A28: 45446 | B28: 67257 | C28: São Raimundo | D28: AEG-11 | E28: 20 | F28: Primeiro Ciclo | G28: =IF(Tabela16[[#This Row],[CICLO INSPECAO]]="Primeiro Ciclo",COUNTIF(Tabela16[[#This Row],[C-01]:[C-120]],"x"),0) -> 2 | H28: =IF(Tabela16[[#This Row],[CICLO INSPECAO]]="Segundo Ciclo",COUNTIF(Tabela16[[#This Row],[C-01]:[C-120]],"x"),0) -> 0 | I28: =IF(Tabela16[[#This Row],[CICLO INSPECAO]]="Terceiro Ciclo",COUNTIF(Tabela16[[#This Row],[C-01]:[C-120]],"x"),0) -> 0 | J28: =IF(Tabela16[[#This Row],[CICLO INSPECAO]]="Quarto Ciclo",COUNTIF(Tabela16[[#This Row],[C-01]:[C-120]],"x"),0) -> 0 | K28: =IF(Tabela16[[#This Row],[CICLO INSPECAO]]="Troca de Spindle",COUNTIF(Tabela16[[#This Row],[C-01]:[C-120]],"x"),0) -> 0 | Q28: X | R28: X
A29: 45626 | B29: - | C29: São Raimundo | D29: AEG-11 | E29: 0 | F29: Segundo Ciclo | G29: =IF(Tabela16[[#This Row],[CICLO INSPECAO]]="Primeiro Ciclo",COUNTIF(Tabela16[[#This Row],[C-01]:[C-120]],"x"),0) -> 0 | H29: =IF(Tabela16[[#This Row],[CICLO INSPECAO]]="Segundo Ciclo",COUNTIF(Tabela16[[#This Row],[C-01]:[C-120]],"x"),0) -> 0 | I29: =IF(Tabela16[[#This Row],[CICLO INSPECAO]]="Terceiro Ciclo",COUNTIF(Tabela16[[#This Row],[C-01]:[C-120]],"x"),0) -> 0 | J29: =IF(Tabela16[[#This Row],[CICLO INSPECAO]]="Quarto Ciclo",COUNTIF(Tabela16[[#This Row],[C-01]:[C-120]],"x"),0) -> 0 | K29: =IF(Tabela16[[#This Row],[CICLO INSPECAO]]="Troca de Spindle",COUNTIF(Tabela16[[#This Row],[C-01]:[C-120]],"x"),0) -> 0
A30: 45789 | B30: - | C30: São Raimundo | D30: AEG-11 | E30: 0 | F30: Terceiro Ciclo | G30: =IF(Tabela16[[#This Row],[CICLO INSPECAO]]="Primeiro Ciclo",COUNTIF(Tabela16[[#This Row],[C-01]:[C-120]],"x"),0) -> 0 | H30: =IF(Tabela16[[#This Row],[CICLO INSPECAO]]="Segundo Ciclo",COUNTIF(Tabela16[[#This Row],[C-01]:[C-120]],"x"),0) -> 0 | I30: =IF(Tabela16[[#This Row],[CICLO INSPECAO]]="Terceiro Ciclo",COUNTIF(Tabela16[[#This Row],[C-01]:[C-120]],"x"),0) -> 0 | J30: =IF(Tabela16[[#This Row],[CICLO INSPECAO]]="Quarto Ciclo",COUNTIF(Tabela16[[#This Row],[C-01]:[C-120]],"x"),0) -> 0 | K30: =IF(Tabela16[[#This Row],[CICLO INSPECAO]]="Troca de Spindle",COUNTIF(Tabela16[[#This Row],[C-01]:[C-120]],"x"),0) -> 0
A31: 45447 | B31: - | C31: São Raimundo | D31: AEG-12 | E31: 0 | F31: Primeiro Ciclo | G31: =IF(Tabela16[[#This Row],[CICLO INSPECAO]]="Primeiro Ciclo",COUNTIF(Tabela16[[#This Row],[C-01]:[C-120]],"x"),0) -> 0 | H31: =IF(Tabela16[[#This Row],[CICLO INSPECAO]]="Segundo Ciclo",COUNTIF(Tabela16[[#This Row],[C-01]:[C-120]],"x"),0) -> 0 | I31: =IF(Tabela16[[#This Row],[CICLO INSPECAO]]="Terceiro Ciclo",COUNTIF(Tabela16[[#This Row],[C-01]:[C-120]],"x"),0) -> 0 | J31: =IF(Tabela16[[#This Row],[CICLO INSPECAO]]="Quarto Ciclo",COUNTIF(Tabela16[[#This Row],[C-01]:[C-120]],"x"),0) -> 0 | K31: =IF(Tabela16[[#This Row],[CICLO INSPECAO]]="Troca de Spindle",COUNTIF(Tabela16[[#This Row],[C-01]:[C-120]],"x"),0) -> 0
A32: 45617 | B32: - | C32: São Raimundo | D32: AEG-12 | E32: 0 | F32: Segundo Ciclo | G32: =IF(Tabela16[[#This Row],[CICLO INSPECAO]]="Primeiro Ciclo",COUNTIF(Tabela16[[#This Row],[C-01]:[C-120]],"x"),0) -> 0 | H32: =IF(Tabela16[[#This Row],[CICLO INSPECAO]]="Segundo Ciclo",COUNTIF(Tabela16[[#This Row],[C-01]:[C-120]],"x"),0) -> 0 | I32: =IF(Tabela16[[#This Row],[CICLO INSPECAO]]="Terceiro Ciclo",COUNTIF(Tabela16[[#This Row],[C-01]:[C-120]],"x"),0) -> 0 | J32: =IF(Tabela16[[#This Row],[CICLO INSPECAO]]="Quarto Ciclo",COUNTIF(Tabela16[[#This Row],[C-01]:[C-120]],"x"),0) -> 0 | K32: =IF(Tabela16[[#This Row],[CICLO INSPECAO]]="Troca de Spindle",COUNTIF(Tabela16[[#This Row],[C-01]:[C-120]],"x"),0) -> 0
A33: 45790 | B33: - | C33: São Raimundo | D33: AEG-12 | E33: 0 | F33: Terceiro Ciclo | G33: =IF(Tabela16[[#This Row],[CICLO INSPECAO]]="Primeiro Ciclo",COUNTIF(Tabela16[[#This Row],[C-01]:[C-120]],"x"),0) -> 0 | H33: =IF(Tabela16[[#This Row],[CICLO INSPECAO]]="Segundo Ciclo",COUNTIF(Tabela16[[#This Row],[C-01]:[C-120]],"x"),0) -> 0 | I33: =IF(Tabela16[[#This Row],[CICLO INSPECAO]]="Terceiro Ciclo",COUNTIF(Tabela16[[#This Row],[C-01]:[C-120]],"x"),0) -> 0 | J33: =IF(Tabela16[[#This Row],[CICLO INSPECAO]]="Quarto Ciclo",COUNTIF(Tabela16[[#This Row],[C-01]:[C-120]],"x"),0) -> 0 | K33: =IF(Tabela16[[#This Row],[CICLO INSPECAO]]="Troca de Spindle",COUNTIF(Tabela16[[#This Row],[C-01]:[C-120]],"x"),0) -> 0
A34: 45447 | B34: 67315 | C34: São Raimundo | D34: AEG-13 | E34: 50 | F34: Primeiro Ciclo | G34: =IF(Tabela16[[#This Row],[CICLO INSPECAO]]="Primeiro Ciclo",COUNTIF(Tabela16[[#This Row],[C-01]:[C-120]],"x"),0) -> 5 | H34: =IF(Tabela16[[#This Row],[CICLO INSPECAO]]="Segundo Ciclo",COUNTIF(Tabela16[[#This Row],[C-01]:[C-120]],"x"),0) -> 0 | I34: =IF(Tabela16[[#This Row],[CICLO INSPECAO]]="Terceiro Ciclo",COUNTIF(Tabela16[[#This Row],[C-01]:[C-120]],"x"),0) -> 0 | J34: =IF(Tabela16[[#This Row],[CICLO INSPECAO]]="Quarto Ciclo",COUNTIF(Tabela16[[#This Row],[C-01]:[C-120]],"x"),0) -> 0 | K34: =IF(Tabela16[[#This Row],[CICLO INSPECAO]]="Troca de Spindle",COUNTIF(Tabela16[[#This Row],[C-01]:[C-120]],"x"),0) -> 0 | P34: X | Q34: X | R34: X | AI34: X | BJ34: X
A35: 45625 | B35: - | C35: São Raimundo | D35: AEG-13 | E35: 0 | F35: Segundo Ciclo | G35: =IF(Tabela16[[#This Row],[CICLO INSPECAO]]="Primeiro Ciclo",COUNTIF(Tabela16[[#This Row],[C-01]:[C-120]],"x"),0) -> 0 | H35: =IF(Tabela16[[#This Row],[CICLO INSPECAO]]="Segundo Ciclo",COUNTIF(Tabela16[[#This Row],[C-01]:[C-120]],"x"),0) -> 0 | I35: =IF(Tabela16[[#This Row],[CICLO INSPECAO]]="Terceiro Ciclo",COUNTIF(Tabela16[[#This Row],[C-01]:[C-120]],"x"),0) -> 0 | J35: =IF(Tabela16[[#This Row],[CICLO INSPECAO]]="Quarto Ciclo",COUNTIF(Tabela16[[#This Row],[C-01]:[C-120]],"x"),0) -> 0 | K35: =IF(Tabela16[[#This Row],[CICLO INSPECAO]]="Troca de Spindle",COUNTIF(Tabela16[[#This Row],[C-01]:[C-120]],"x"),0) -> 0
A36: 45791 | B36: - | C36: São Raimundo | D36: AEG-13 | E36: 0 | F36: Terceiro Ciclo | G36: =IF(Tabela16[[#This Row],[CICLO INSPECAO]]="Primeiro Ciclo",COUNTIF(Tabela16[[#This Row],[C-01]:[C-120]],"x"),0) -> 0 | H36: =IF(Tabela16[[#This Row],[CICLO INSPECAO]]="Segundo Ciclo",COUNTIF(Tabela16[[#This Row],[C-01]:[C-120]],"x"),0) -> 0 | I36: =IF(Tabela16[[#This Row],[CICLO INSPECAO]]="Terceiro Ciclo",COUNTIF(Tabela16[[#This Row],[C-01]:[C-120]],"x"),0) -> 0 | J36: =IF(Tabela16[[#This Row],[CICLO INSPECAO]]="Quarto Ciclo",COUNTIF(Tabela16[[#This Row],[C-01]:[C-120]],"x"),0) -> 0 | K36: =IF(Tabela16[[#This Row],[CICLO INSPECAO]]="Troca de Spindle",COUNTIF(Tabela16[[#This Row],[C-01]:[C-120]],"x"),0) -> 0
A37: 45435 | B37: - | C37: Garrote | D37: AEG-14 | E37: 0 | F37: Primeiro Ciclo | G37: =IF(Tabela16[[#This Row],[CICLO INSPECAO]]="Primeiro Ciclo",COUNTIF(Tabela16[[#This Row],[C-01]:[C-120]],"x"),0) -> 0 | H37: =IF(Tabela16[[#This Row],[CICLO INSPECAO]]="Segundo Ciclo",COUNTIF(Tabela16[[#This Row],[C-01]:[C-120]],"x"),0) -> 0 | I37: =IF(Tabela16[[#This Row],[CICLO INSPECAO]]="Terceiro Ciclo",COUNTIF(Tabela16[[#This Row],[C-01]:[C-120]],"x"),0) -> 0 | J37: =IF(Tabela16[[#This Row],[CICLO INSPECAO]]="Quarto Ciclo",COUNTIF(Tabela16[[#This Row],[C-01]:[C-120]],"x"),0) -> 0 | K37: =IF(Tabela16[[#This Row],[CICLO INSPECAO]]="Troca de Spindle",COUNTIF(Tabela16[[#This Row],[C-01]:[C-120]],"x"),0) -> 0
A38: 45629 | B38: - | C38: Garrote | D38: AEG-14 | E38: 0 | F38: Segundo Ciclo | G38: =IF(Tabela16[[#This Row],[CICLO INSPECAO]]="Primeiro Ciclo",COUNTIF(Tabela16[[#This Row],[C-01]:[C-120]],"x"),0) -> 0 | H38: =IF(Tabela16[[#This Row],[CICLO INSPECAO]]="Segundo Ciclo",COUNTIF(Tabela16[[#This Row],[C-01]:[C-120]],"x"),0) -> 0 | I38: =IF(Tabela16[[#This Row],[CICLO INSPECAO]]="Terceiro Ciclo",COUNTIF(Tabela16[[#This Row],[C-01]:[C-120]],"x"),0) -> 0 | J38: =IF(Tabela16[[#This Row],[CICLO INSPECAO]]="Quarto Ciclo",COUNTIF(Tabela16[[#This Row],[C-01]:[C-120]],"x"),0) -> 0 | K38: =IF(Tabela16[[#This Row],[CICLO INSPECAO]]="Troca de Spindle",COUNTIF(Tabela16[[#This Row],[C-01]:[C-120]],"x"),0) -> 0
A39: 45757 | B39: - | C39: Garrote | D39: AEG-14 | E39: 0 | F39: Terceiro Ciclo | G39: =IF(Tabela16[[#This Row],[CICLO INSPECAO]]="Primeiro Ciclo",COUNTIF(Tabela16[[#This Row],[C-01]:[C-120]],"x"),0) -> 0 | H39: =IF(Tabela16[[#This Row],[CICLO INSPECAO]]="Segundo Ciclo",COUNTIF(Tabela16[[#This Row],[C-01]:[C-120]],"x"),0) -> 0 | I39: =IF(Tabela16[[#This Row],[CICLO INSPECAO]]="Terceiro Ciclo",COUNTIF(Tabela16[[#This Row],[C-01]:[C-120]],"x"),0) -> 0 | J39: =IF(Tabela16[[#This Row],[CICLO INSPECAO]]="Quarto Ciclo",COUNTIF(Tabela16[[#This Row],[C-01]:[C-120]],"x"),0) -> 0 | K39: =IF(Tabela16[[#This Row],[CICLO INSPECAO]]="Troca de Spindle",COUNTIF(Tabela16[[#This Row],[C-01]:[C-120]],"x"),0) -> 0
A40: 45440 | B40: 67108 | C40: São Raimundo | D40: AEG-15 | E40: 50 | F40: Primeiro Ciclo | G40: =IF(Tabela16[[#This Row],[CICLO INSPECAO]]="Primeiro Ciclo",COUNTIF(Tabela16[[#This Row],[C-01]:[C-120]],"x"),0) -> 5 | H40: =IF(Tabela16[[#This Row],[CICLO INSPECAO]]="Segundo Ciclo",COUNTIF(Tabela16[[#This Row],[C-01]:[C-120]],"x"),0) -> 0 | I40: =IF(Tabela16[[#This Row],[CICLO INSPECAO]]="Terceiro Ciclo",COUNTIF(Tabela16[[#This Row],[C-01]:[C-120]],"x"),0) -> 0 | J40: =IF(Tabela16[[#This Row],[CICLO INSPECAO]]="Quarto Ciclo",COUNTIF(Tabela16[[#This Row],[C-01]:[C-120]],"x"),0) -> 0 | K40: =IF(Tabela16[[#This Row],[CICLO INSPECAO]]="Troca de Spindle",COUNTIF(Tabela16[[#This Row],[C-01]:[C-120]],"x"),0) -> 0 | M40: X | N40: X | AP40: X | AQ40: X | AR40: X
A41: 45608 | B41: - | C41: São Raimundo | D41: AEG-15 | E41: 0 | F41: Segundo Ciclo | G41: =IF(Tabela16[[#This Row],[CICLO INSPECAO]]="Primeiro Ciclo",COUNTIF(Tabela16[[#This Row],[C-01]:[C-120]],"x"),0) -> 0 | H41: =IF(Tabela16[[#This Row],[CICLO INSPECAO]]="Segundo Ciclo",COUNTIF(Tabela16[[#This Row],[C-01]:[C-120]],"x"),0) -> 0 | I41: =IF(Tabela16[[#This Row],[CICLO INSPECAO]]="Terceiro Ciclo",COUNTIF(Tabela16[[#This Row],[C-01]:[C-120]],"x"),0) -> 0 | J41: =IF(Tabela16[[#This Row],[CICLO INSPECAO]]="Quarto Ciclo",COUNTIF(Tabela16[[#This Row],[C-01]:[C-120]],"x"),0) -> 0 | K41: =IF(Tabela16[[#This Row],[CICLO INSPECAO]]="Troca de Spindle",COUNTIF(Tabela16[[#This Row],[C-01]:[C-120]],"x"),0) -> 0
A42: 45777 | B42: - | C42: São Raimundo | D42: AEG-15 | E42: 0 | F42: Terceiro Ciclo | G42: =IF(Tabela16[[#This Row],[CICLO INSPECAO]]="Primeiro Ciclo",COUNTIF(Tabela16[[#This Row],[C-01]:[C-120]],"x"),0) -> 0 | H42: =IF(Tabela16[[#This Row],[CICLO INSPECAO]]="Segundo Ciclo",COUNTIF(Tabela16[[#This Row],[C-01]:[C-120]],"x"),0) -> 0 | I42: =IF(Tabela16[[#This Row],[CICLO INSPECAO]]="Terceiro Ciclo",COUNTIF(Tabela16[[#This Row],[C-01]:[C-120]],"x"),0) -> 0 | J42: =IF(Tabela16[[#This Row],[CICLO INSPECAO]]="Quarto Ciclo",COUNTIF(Tabela16[[#This Row],[C-01]:[C-120]],"x"),0) -> 0 | K42: =IF(Tabela16[[#This Row],[CICLO INSPECAO]]="Troca de Spindle",COUNTIF(Tabela16[[#This Row],[C-01]:[C-120]],"x"),0) -> 0
A43: 45420 | B43: 66931 | C43: São Raimundo | D43: AEG-16 | E43: 50 | F43: Primeiro Ciclo | G43: =IF(Tabela16[[#This Row],[CICLO INSPECAO]]="Primeiro Ciclo",COUNTIF(Tabela16[[#This Row],[C-01]:[C-120]],"x"),0) -> 5 | H43: =IF(Tabela16[[#This Row],[CICLO INSPECAO]]="Segundo Ciclo",COUNTIF(Tabela16[[#This Row],[C-01]:[C-120]],"x"),0) -> 0 | I43: =IF(Tabela16[[#This Row],[CICLO INSPECAO]]="Terceiro Ciclo",COUNTIF(Tabela16[[#This Row],[C-01]:[C-120]],"x"),0) -> 0 | J43: =IF(Tabela16[[#This Row],[CICLO INSPECAO]]="Quarto Ciclo",COUNTIF(Tabela16[[#This Row],[C-01]:[C-120]],"x"),0) -> 0 | K43: =IF(Tabela16[[#This Row],[CICLO INSPECAO]]="Troca de Spindle",COUNTIF(Tabela16[[#This Row],[C-01]:[C-120]],"x"),0) -> 0 | AC43: X | AP43: X | BR43: X | DG43: X | DT43: X
A44: 45609 | B44: - | C44: São Raimundo | D44: AEG-16 | E44: 0 | F44: Segundo Ciclo | G44: =IF(Tabela16[[#This Row],[CICLO INSPECAO]]="Primeiro Ciclo",COUNTIF(Tabela16[[#This Row],[C-01]:[C-120]],"x"),0) -> 0 | H44: =IF(Tabela16[[#This Row],[CICLO INSPECAO]]="Segundo Ciclo",COUNTIF(Tabela16[[#This Row],[C-01]:[C-120]],"x"),0) -> 0 | I44: =IF(Tabela16[[#This Row],[CICLO INSPECAO]]="Terceiro Ciclo",COUNTIF(Tabela16[[#This Row],[C-01]:[C-120]],"x"),0) -> 0 | J44: =IF(Tabela16[[#This Row],[CICLO INSPECAO]]="Quarto Ciclo",COUNTIF(Tabela16[[#This Row],[C-01]:[C-120]],"x"),0) -> 0 | K44: =IF(Tabela16[[#This Row],[CICLO INSPECAO]]="Troca de Spindle",COUNTIF(Tabela16[[#This Row],[C-01]:[C-120]],"x"),0) -> 0
A45: 45779 | B45: - | C45: São Raimundo | D45: AEG-16 | E45: 0 | F45: Terceiro Ciclo | G45: =IF(Tabela16[[#This Row],[CICLO INSPECAO]]="Primeiro Ciclo",COUNTIF(Tabela16[[#This Row],[C-01]:[C-120]],"x"),0) -> 0 | H45: =IF(Tabela16[[#This Row],[CICLO INSPECAO]]="Segundo Ciclo",COUNTIF(Tabela16[[#This Row],[C-01]:[C-120]],"x"),0) -> 0 | I45: =IF(Tabela16[[#This Row],[CICLO INSPECAO]]="Terceiro Ciclo",COUNTIF(Tabela16[[#This Row],[C-01]:[C-120]],"x"),0) -> 0 | J45: =IF(Tabela16[[#This Row],[CICLO INSPECAO]]="Quarto Ciclo",COUNTIF(Tabela16[[#This Row],[C-01]:[C-120]],"x"),0) -> 0 | K45: =IF(Tabela16[[#This Row],[CICLO INSPECAO]]="Troca de Spindle",COUNTIF(Tabela16[[#This Row],[C-01]:[C-120]],"x"),0) -> 0
A46: 45439 | B46: - | C46: São Raimundo | D46: AEG-17 | E46: 0 | F46: Primeiro Ciclo | G46: =IF(Tabela16[[#This Row],[CICLO INSPECAO]]="Primeiro Ciclo",COUNTIF(Tabela16[[#This Row],[C-01]:[C-120]],"x"),0) -> 0 | H46: =IF(Tabela16[[#This Row],[CICLO INSPECAO]]="Segundo Ciclo",COUNTIF(Tabela16[[#This Row],[C-01]:[C-120]],"x"),0) -> 0 | I46: =IF(Tabela16[[#This Row],[CICLO INSPECAO]]="Terceiro Ciclo",COUNTIF(Tabela16[[#This Row],[C-01]:[C-120]],"x"),0) -> 0 | J46: =IF(Tabela16[[#This Row],[CICLO INSPECAO]]="Quarto Ciclo",COUNTIF(Tabela16[[#This Row],[C-01]:[C-120]],"x"),0) -> 0 | K46: =IF(Tabela16[[#This Row],[CICLO INSPECAO]]="Troca de Spindle",COUNTIF(Tabela16[[#This Row],[C-01]:[C-120]],"x"),0) -> 0
A47: 45609 | B47: - | C47: São Raimundo | D47: AEG-17 | E47: 0 | F47: Segundo Ciclo | G47: =IF(Tabela16[[#This Row],[CICLO INSPECAO]]="Primeiro Ciclo",COUNTIF(Tabela16[[#This Row],[C-01]:[C-120]],"x"),0) -> 0 | H47: =IF(Tabela16[[#This Row],[CICLO INSPECAO]]="Segundo Ciclo",COUNTIF(Tabela16[[#This Row],[C-01]:[C-120]],"x"),0) -> 0 | I47: =IF(Tabela16[[#This Row],[CICLO INSPECAO]]="Terceiro Ciclo",COUNTIF(Tabela16[[#This Row],[C-01]:[C-120]],"x"),0) -> 0 | J47: =IF(Tabela16[[#This Row],[CICLO INSPECAO]]="Quarto Ciclo",COUNTIF(Tabela16[[#This Row],[C-01]:[C-120]],"x"),0) -> 0 | K47: =IF(Tabela16[[#This Row],[CICLO INSPECAO]]="Troca de Spindle",COUNTIF(Tabela16[[#This Row],[C-01]:[C-120]],"x"),0) -> 0
A48: 45776 | B48: - | C48: São Raimundo | D48: AEG-17 | E48: 0 | F48: Terceiro Ciclo | G48: =IF(Tabela16[[#This Row],[CICLO INSPECAO]]="Primeiro Ciclo",COUNTIF(Tabela16[[#This Row],[C-01]:[C-120]],"x"),0) -> 0 | H48: =IF(Tabela16[[#This Row],[CICLO INSPECAO]]="Segundo Ciclo",COUNTIF(Tabela16[[#This Row],[C-01]:[C-120]],"x"),0) -> 0 | I48: =IF(Tabela16[[#This Row],[CICLO INSPECAO]]="Terceiro Ciclo",COUNTIF(Tabela16[[#This Row],[C-01]:[C-120]],"x"),0) -> 0 | J48: =IF(Tabela16[[#This Row],[CICLO INSPECAO]]="Quarto Ciclo",COUNTIF(Tabela16[[#This Row],[C-01]:[C-120]],"x"),0) -> 0 | K48: =IF(Tabela16[[#This Row],[CICLO INSPECAO]]="Troca de Spindle",COUNTIF(Tabela16[[#This Row],[C-01]:[C-120]],"x"),0) -> 0
A49: 45421 | B49: - | C49: São Raimundo | D49: AEG-18 | E49: 0 | F49: Primeiro Ciclo | G49: =IF(Tabela16[[#This Row],[CICLO INSPECAO]]="Primeiro Ciclo",COUNTIF(Tabela16[[#This Row],[C-01]:[C-120]],"x"),0) -> 0 | H49: =IF(Tabela16[[#This Row],[CICLO INSPECAO]]="Segundo Ciclo",COUNTIF(Tabela16[[#This Row],[C-01]:[C-120]],"x"),0) -> 0 | I49: =IF(Tabela16[[#This Row],[CICLO INSPECAO]]="Terceiro Ciclo",COUNTIF(Tabela16[[#This Row],[C-01]:[C-120]],"x"),0) -> 0 | J49: =IF(Tabela16[[#This Row],[CICLO INSPECAO]]="Quarto Ciclo",COUNTIF(Tabela16[[#This Row],[C-01]:[C-120]],"x"),0) -> 0 | K49: =IF(Tabela16[[#This Row],[CICLO INSPECAO]]="Troca de Spindle",COUNTIF(Tabela16[[#This Row],[C-01]:[C-120]],"x"),0) -> 0
A50: 45624 | B50: - | C50: São Raimundo | D50: AEG-18 | E50: 0 | F50: Segundo Ciclo | G50: =IF(Tabela16[[#This Row],[CICLO INSPECAO]]="Primeiro Ciclo",COUNTIF(Tabela16[[#This Row],[C-01]:[C-120]],"x"),0) -> 0 | H50: =IF(Tabela16[[#This Row],[CICLO INSPECAO]]="Segundo Ciclo",COUNTIF(Tabela16[[#This Row],[C-01]:[C-120]],"x"),0) -> 0 | I50: =IF(Tabela16[[#This Row],[CICLO INSPECAO]]="Terceiro Ciclo",COUNTIF(Tabela16[[#This Row],[C-01]:[C-120]],"x"),0) -> 0 | J50: =IF(Tabela16[[#This Row],[CICLO INSPECAO]]="Quarto Ciclo",COUNTIF(Tabela16[[#This Row],[C-01]:[C-120]],"x"),0) -> 0 | K50: =IF(Tabela16[[#This Row],[CICLO INSPECAO]]="Troca de Spindle",COUNTIF(Tabela16[[#This Row],[C-01]:[C-120]],"x"),0) -> 0
A51: 45782 | B51: - | C51: São Raimundo | D51: AEG-18 | E51: 0 | F51: Terceiro Ciclo | G51: =IF(Tabela16[[#This Row],[CICLO INSPECAO]]="Primeiro Ciclo",COUNTIF(Tabela16[[#This Row],[C-01]:[C-120]],"x"),0) -> 0 | H51: =IF(Tabela16[[#This Row],[CICLO INSPECAO]]="Segundo Ciclo",COUNTIF(Tabela16[[#This Row],[C-01]:[C-120]],"x"),0) -> 0 | I51: =IF(Tabela16[[#This Row],[CICLO INSPECAO]]="Terceiro Ciclo",COUNTIF(Tabela16[[#This Row],[C-01]:[C-120]],"x"),0) -> 0 | J51: =IF(Tabela16[[#This Row],[CICLO INSPECAO]]="Quarto Ciclo",COUNTIF(Tabela16[[#This Row],[C-01]:[C-120]],"x"),0) -> 0 | K51: =IF(Tabela16[[#This Row],[CICLO INSPECAO]]="Troca de Spindle",COUNTIF(Tabela16[[#This Row],[C-01]:[C-120]],"x"),0) -> 0
A52: 45441 | B52: - | C52: São Raimundo | D52: AEG-19 | E52: 0 | F52: Primeiro Ciclo | G52: =IF(Tabela16[[#This Row],[CICLO INSPECAO]]="Primeiro Ciclo",COUNTIF(Tabela16[[#This Row],[C-01]:[C-120]],"x"),0) -> 0 | H52: =IF(Tabela16[[#This Row],[CICLO INSPECAO]]="Segundo Ciclo",COUNTIF(Tabela16[[#This Row],[C-01]:[C-120]],"x"),0) -> 0 | I52: =IF(Tabela16[[#This Row],[CICLO INSPECAO]]="Terceiro Ciclo",COUNTIF(Tabela16[[#This Row],[C-01]:[C-120]],"x"),0) -> 0 | J52: =IF(Tabela16[[#This Row],[CICLO INSPECAO]]="Quarto Ciclo",COUNTIF(Tabela16[[#This Row],[C-01]:[C-120]],"x"),0) -> 0 | K52: =IF(Tabela16[[#This Row],[CICLO INSPECAO]]="Troca de Spindle",COUNTIF(Tabela16[[#This Row],[C-01]:[C-120]],"x"),0) -> 0
A53: 45608 | B53: - | C53: São Raimundo | D53: AEG-19 | E53: 0 | F53: Segundo Ciclo | G53: =IF(Tabela16[[#This Row],[CICLO INSPECAO]]="Primeiro Ciclo",COUNTIF(Tabela16[[#This Row],[C-01]:[C-120]],"x"),0) -> 0 | H53: =IF(Tabela16[[#This Row],[CICLO INSPECAO]]="Segundo Ciclo",COUNTIF(Tabela16[[#This Row],[C-01]:[C-120]],"x"),0) -> 0 | I53: =IF(Tabela16[[#This Row],[CICLO INSPECAO]]="Terceiro Ciclo",COUNTIF(Tabela16[[#This Row],[C-01]:[C-120]],"x"),0) -> 0 | J53: =IF(Tabela16[[#This Row],[CICLO INSPECAO]]="Quarto Ciclo",COUNTIF(Tabela16[[#This Row],[C-01]:[C-120]],"x"),0) -> 0 | K53: =IF(Tabela16[[#This Row],[CICLO INSPECAO]]="Troca de Spindle",COUNTIF(Tabela16[[#This Row],[C-01]:[C-120]],"x"),0) -> 0
A54: 45783 | B54: - | C54: São Raimundo | D54: AEG-19 | E54: 0 | F54: Terceiro Ciclo | G54: =IF(Tabela16[[#This Row],[CICLO INSPECAO]]="Primeiro Ciclo",COUNTIF(Tabela16[[#This Row],[C-01]:[C-120]],"x"),0) -> 0 | H54: =IF(Tabela16[[#This Row],[CICLO INSPECAO]]="Segundo Ciclo",COUNTIF(Tabela16[[#This Row],[C-01]:[C-120]],"x"),0) -> 0 | I54: =IF(Tabela16[[#This Row],[CICLO INSPECAO]]="Terceiro Ciclo",COUNTIF(Tabela16[[#This Row],[C-01]:[C-120]],"x"),0) -> 0 | J54: =IF(Tabela16[[#This Row],[CICLO INSPECAO]]="Quarto Ciclo",COUNTIF(Tabela16[[#This Row],[C-01]:[C-120]],"x"),0) -> 0 | K54: =IF(Tabela16[[#This Row],[CICLO INSPECAO]]="Troca de Spindle",COUNTIF(Tabela16[[#This Row],[C-01]:[C-120]],"x"),0) -> 0
A55: 45449 | B55: - | C55: Santo Inacio III | D55: AEG-20 | E55: 0 | F55: Primeiro Ciclo | G55: =IF(Tabela16[[#This Row],[CICLO INSPECAO]]="Primeiro Ciclo",COUNTIF(Tabela16[[#This Row],[C-01]:[C-120]],"x"),0) -> 0 | H55: =IF(Tabela16[[#This Row],[CICLO INSPECAO]]="Segundo Ciclo",COUNTIF(Tabela16[[#This Row],[C-01]:[C-120]],"x"),0) -> 0 | I55: =IF(Tabela16[[#This Row],[CICLO INSPECAO]]="Terceiro Ciclo",COUNTIF(Tabela16[[#This Row],[C-01]:[C-120]],"x"),0) -> 0 | J55: =IF(Tabela16[[#This Row],[CICLO INSPECAO]]="Quarto Ciclo",COUNTIF(Tabela16[[#This Row],[C-01]:[C-120]],"x"),0) -> 0 | K55: =IF(Tabela16[[#This Row],[CICLO INSPECAO]]="Troca de Spindle",COUNTIF(Tabela16[[#This Row],[C-01]:[C-120]],"x"),0) -> 0
... A63: 45616 | B63: - | C63: Santo Inacio III | D63: AEG-23 | E63: 0 | F63: Segundo Ciclo | G63: =IF(Tabela16[[#This Row],[CICLO INSPECAO]]="Primeiro Ciclo",COUNTIF(Tabela16[[#This Row],[C-01]:[C-120]],"x"),0) -> 0 | H63: =IF(Tabela16[[#This Row],[CICLO INSPECAO]]="Segundo Ciclo",COUNTIF(Tabela16[[#This Row],[C-01]:[C-120]],"x"),0) -> 0 | I63: =IF(Tabela16[[#This Row],[CICLO INSPECAO]]="Terceiro Ciclo",COUNTIF(Tabela16[[#This Row],[C-01]:[C-120]],"x"),0) -> 0 | J63: =IF(Tabela16[[#This Row],[CICLO INSPECAO]]="Quarto Ciclo",COUNTIF(Tabela16[[#This Row],[C-01]:[C-120]],"x"),0) -> 0 | K63: =IF(Tabela16[[#This Row],[CICLO INSPECAO]]="Troca de Spindle",COUNTIF(Tabela16[[#This Row],[C-01]:[C-120]],"x"),0) -> 0
A64: 45448 | B64: 67373 | C64: Santo Inacio III | D64: AEG-24 | E64: 30 | F64: Primeiro Ciclo | G64: =IF(Tabela16[[#This Row],[CICLO INSPECAO]]="Primeiro Ciclo",COUNTIF(Tabela16[[#This Row],[C-01]:[C-120]],"x"),0) -> 3 | H64: =IF(Tabela16[[#This Row],[CICLO INSPECAO]]="Segundo Ciclo",COUNTIF(Tabela16[[#This Row],[C-01]:[C-120]],"x"),0) -> 0 | I64: =IF(Tabela16[[#This Row],[CICLO INSPECAO]]="Terceiro Ciclo",COUNTIF(Tabela16[[#This Row],[C-01]:[C-120]],"x"),0) -> 0 | J64: =IF(Tabela16[[#This Row],[CICLO INSPECAO]]="Quarto Ciclo",COUNTIF(Tabela16[[#This Row],[C-01]:[C-120]],"x"),0) -> 0 | K64: =IF(Tabela16[[#This Row],[CICLO INSPECAO]]="Troca de Spindle",COUNTIF(Tabela16[[#This Row],[C-01]:[C-120]],"x"),0) -> 0 | M64: X | BK64: X | DY64: X
A65: 45630 | B65: 67373 | C65: Santo Inacio III | D65: AEG-24 | E65: 10 | F65: Segundo Ciclo | G65: =IF(Tabela16[[#This Row],[CICLO INSPECAO]]="Primeiro Ciclo",COUNTIF(Tabela16[[#This Row],[C-01]:[C-120]],"x"),0) -> 0 | H65: =IF(Tabela16[[#This Row],[CICLO INSPECAO]]="Segundo Ciclo",COUNTIF(Tabela16[[#This Row],[C-01]:[C-120]],"x"),0) -> 1 | I65: =IF(Tabela16[[#This Row],[CICLO INSPECAO]]="Terceiro Ciclo",COUNTIF(Tabela16[[#This Row],[C-01]:[C-120]],"x"),0) -> 0 | J65: =IF(Tabela16[[#This Row],[CICLO INSPECAO]]="Quarto Ciclo",COUNTIF(Tabela16[[#This Row],[C-01]:[C-120]],"x"),0) -> 0 | K65: =IF(Tabela16[[#This Row],[CICLO INSPECAO]]="Troca de Spindle",COUNTIF(Tabela16[[#This Row],[C-01]:[C-120]],"x"),0) -> 0 | BD65: X
A66: 45488 | B66: - | C66: Santo Inacio III | D66: AEG-25 | E66: 32 | F66: Troca de Spindle | G66: =IF(Tabela16[[#This Row],[CICLO INSPECAO]]="Primeiro Ciclo",COUNTIF(Tabela16[[#This Row],[C-01]:[C-120]],"x"),0) -> 0 | H66: =IF(Tabela16[[#This Row],[CICLO INSPECAO]]="Segundo Ciclo",COUNTIF(Tabela16[[#This Row],[C-01]:[C-120]],"x"),0) -> 0 | I66: =IF(Tabela16[[#This Row],[CICLO INSPECAO]]="Terceiro Ciclo",COUNTIF(Tabela16[[#This Row],[C-01]:[C-120]],"x"),0) -> 0 | J66: =IF(Tabela16[[#This Row],[CICLO INSPECAO]]="Quarto Ciclo",COUNTIF(Tabela16[[#This Row],[C-01]:[C-120]],"x"),0) -> 0 | K66: =IF(Tabela16[[#This Row],[CICLO INSPECAO]]="Troca de Spindle",COUNTIF(Tabela16[[#This Row],[C-01]:[C-120]],"x"),0) -> 0
A67: 45610 | B67: - | C67: Santo Inacio III | D67: AEG-25 | E67: 0 | F67: Segundo Ciclo | G67: =IF(Tabela16[[#This Row],[CICLO INSPECAO]]="Primeiro Ciclo",COUNTIF(Tabela16[[#This Row],[C-01]:[C-120]],"x"),0) -> 0 | H67: =IF(Tabela16[[#This Row],[CICLO INSPECAO]]="Segundo Ciclo",COUNTIF(Tabela16[[#This Row],[C-01]:[C-120]],"x"),0) -> 0 | I67: =IF(Tabela16[[#This Row],[CICLO INSPECAO]]="Terceiro Ciclo",COUNTIF(Tabela16[[#This Row],[C-01]:[C-120]],"x"),0) -> 0 | J67: =IF(Tabela16[[#This Row],[CICLO INSPECAO]]="Quarto Ciclo",COUNTIF(Tabela16[[#This Row],[C-01]:[C-120]],"x"),0) -> 0 | K67: =IF(Tabela16[[#This Row],[CICLO INSPECAO]]="Troca de Spindle",COUNTIF(Tabela16[[#This Row],[C-01]:[C-120]],"x"),0) -> 0
A68: 45742 | B68: - | C68: Santo Inacio III | D68: AEG-25 | E68: 0 | F68: Terceiro Ciclo | G68: =IF(Tabela16[[#This Row],[CICLO INSPECAO]]="Primeiro Ciclo",COUNTIF(Tabela16[[#This Row],[C-01]:[C-120]],"x"),0) -> 0 | H68: =IF(Tabela16[[#This Row],[CICLO INSPECAO]]="Segundo Ciclo",COUNTIF(Tabela16[[#This Row],[C-01]:[C-120]],"x"),0) -> 0 | I68: =IF(Tabela16[[#This Row],[CICLO INSPECAO]]="Terceiro Ciclo",COUNTIF(Tabela16[[#This Row],[C-01]:[C-120]],"x"),0) -> 0 | J68: =IF(Tabela16[[#This Row],[CICLO INSPECAO]]="Quarto Ciclo",COUNTIF(Tabela16[[#This Row],[C-01]:[C-120]],"x"),0) -> 0 | K68: =IF(Tabela16[[#This Row],[CICLO INSPECAO]]="Troca de Spindle",COUNTIF(Tabela16[[#This Row],[C-01]:[C-120]],"x"),0) -> 0
A69: 45448 | B69: 67395 | C69: Santo Inacio III | D69: AEG-26 | E69: 10 | F69: Primeiro Ciclo | G69: =IF(Tabela16[[#This Row],[CICLO INSPECAO]]="Primeiro Ciclo",COUNTIF(Tabela16[[#This Row],[C-01]:[C-120]],"x"),0) -> 1 | H69: =IF(Tabela16[[#This Row],[CICLO INSPECAO]]="Segundo Ciclo",COUNTIF(Tabela16[[#This Row],[C-01]:[C-120]],"x"),0) -> 0 | I69: =IF(Tabela16[[#This Row],[CICLO INSPECAO]]="Terceiro Ciclo",COUNTIF(Tabela16[[#This Row],[C-01]:[C-120]],"x"),0) -> 0 | J69: =IF(Tabela16[[#This Row],[CICLO INSPECAO]]="Quarto Ciclo",COUNTIF(Tabela16[[#This Row],[C-01]:[C-120]],"x"),0) -> 0 | K69: =IF(Tabela16[[#This Row],[CICLO INSPECAO]]="Troca de Spindle",COUNTIF(Tabela16[[#This Row],[C-01]:[C-120]],"x"),0) -> 0 | L69: X
A70: 45629 | B70: - | C70: Santo Inacio III | D70: AEG-26 | E70: 10 | F70: Segundo Ciclo | G70: =IF(Tabela16[[#This Row],[CICLO INSPECAO]]="Primeiro Ciclo",COUNTIF(Tabela16[[#This Row],[C-01]:[C-120]],"x"),0) -> 0 | H70: =IF(Tabela16[[#This Row],[CICLO INSPECAO]]="Segundo Ciclo",COUNTIF(Tabela16[[#This Row],[C-01]:[C-120]],"x"),0) -> 1 | I70: =IF(Tabela16[[#This Row],[CICLO INSPECAO]]="Terceiro Ciclo",COUNTIF(Tabela16[[#This Row],[C-01]:[C-120]],"x"),0) -> 0 | J70: =IF(Tabela16[[#This Row],[CICLO INSPECAO]]="Quarto Ciclo",COUNTIF(Tabela16[[#This Row],[C-01]:[C-120]],"x"),0) -> 0 | K70: =IF(Tabela16[[#This Row],[CICLO INSPECAO]]="Troca de Spindle",COUNTIF(Tabela16[[#This Row],[C-01]:[C-120]],"x"),0) -> 0 | AF70: X
A71: 45449 | B71: - | C71: Santo Inacio III | D71: AEG-27 | E71: 0 | F71: Primeiro Ciclo | G71: =IF(Tabela16[[#This Row],[CICLO INSPECAO]]="Primeiro Ciclo",COUNTIF(Tabela16[[#This Row],[C-01]:[C-120]],"x"),0) -> 0 | H71: =IF(Tabela16[[#This Row],[CICLO INSPECAO]]="Segundo Ciclo",COUNTIF(Tabela16[[#This Row],[C-01]:[C-120]],"x"),0) -> 0 | I71: =IF(Tabela16[[#This Row],[CICLO INSPECAO]]="Terceiro Ciclo",COUNTIF(Tabela16[[#This Row],[C-01]:[C-120]],"x"),0) -> 0 | J71: =IF(Tabela16[[#This Row],[CICLO INSPECAO]]="Quarto Ciclo",COUNTIF(Tabela16[[#This Row],[C-01]:[C-120]],"x"),0) -> 0 | K71: =IF(Tabela16[[#This Row],[CICLO INSPECAO]]="Troca de Spindle",COUNTIF(Tabela16[[#This Row],[C-01]:[C-120]],"x"),0) -> 0
A72: 45630 | B72: - | C72: Santo Inacio III | D72: AEG-27 | E72: 0 | F72: Segundo Ciclo | G72: =IF(Tabela16[[#This Row],[CICLO INSPECAO]]="Primeiro Ciclo",COUNTIF(Tabela16[[#This Row],[C-01]:[C-120]],"x"),0) -> 0 | H72: =IF(Tabela16[[#This Row],[CICLO INSPECAO]]="Segundo Ciclo",COUNTIF(Tabela16[[#This Row],[C-01]:[C-120]],"x"),0) -> 0 | I72: =IF(Tabela16[[#This Row],[CICLO INSPECAO]]="Terceiro Ciclo",COUNTIF(Tabela16[[#This Row],[C-01]:[C-120]],"x"),0) -> 0 | J72: =IF(Tabela16[[#This Row],[CICLO INSPECAO]]="Quarto Ciclo",COUNTIF(Tabela16[[#This Row],[C-01]:[C-120]],"x"),0) -> 0 | K72: =IF(Tabela16[[#This Row],[CICLO INSPECAO]]="Troca de Spindle",COUNTIF(Tabela16[[#This Row],[C-01]:[C-120]],"x"),0) -> 0
A73: 45464 | B73: 68028 | C73: Santo Inacio III | D73: AEG-28 | E73: 50 | F73: Primeiro Ciclo | G73: =IF(Tabela16[[#This Row],[CICLO INSPECAO]]="Primeiro Ciclo",COUNTIF(Tabela16[[#This Row],[C-01]:[C-120]],"x"),0) -> 5 | H73: =IF(Tabela16[[#This Row],[CICLO INSPECAO]]="Segundo Ciclo",COUNTIF(Tabela16[[#This Row],[C-01]:[C-120]],"x"),0) -> 0 | I73: =IF(Tabela16[[#This Row],[CICLO INSPECAO]]="Terceiro Ciclo",COUNTIF(Tabela16[[#This Row],[C-01]:[C-120]],"x"),0) -> 0 | J73: =IF(Tabela16[[#This Row],[CICLO INSPECAO]]="Quarto Ciclo",COUNTIF(Tabela16[[#This Row],[C-01]:[C-120]],"x"),0) -> 0 | K73: =IF(Tabela16[[#This Row],[CICLO INSPECAO]]="Troca de Spindle",COUNTIF(Tabela16[[#This Row],[C-01]:[C-120]],"x"),0) -> 0 | AK73: X | BD73: X | BW73: X | BY73: X | CK73: X
A74: 45639 | B74: - | C74: Santo Inacio III | D74: AEG-28 | E74: 0 | F74: Segundo Ciclo | G74: =IF(Tabela16[[#This Row],[CICLO INSPECAO]]="Primeiro Ciclo",COUNTIF(Tabela16[[#This Row],[C-01]:[C-120]],"x"),0) -> 0 | H74: =IF(Tabela16[[#This Row],[CICLO INSPECAO]]="Segundo Ciclo",COUNTIF(Tabela16[[#This Row],[C-01]:[C-120]],"x"),0) -> 0 | I74: =IF(Tabela16[[#This Row],[CICLO INSPECAO]]="Terceiro Ciclo",COUNTIF(Tabela16[[#This Row],[C-01]:[C-120]],"x"),0) -> 0 | J74: =IF(Tabela16[[#This Row],[CICLO INSPECAO]]="Quarto Ciclo",COUNTIF(Tabela16[[#This Row],[C-01]:[C-120]],"x"),0) -> 0 | K74: =IF(Tabela16[[#This Row],[CICLO INSPECAO]]="Troca de Spindle",COUNTIF(Tabela16[[#This Row],[C-01]:[C-120]],"x"),0) -> 0
A75: 45391 | B75: 66160 | C75: Santo Inacio III | D75: AEG-29 | E75: 142 | F75: Primeiro Ciclo | G75: =IF(Tabela16[[#This Row],[CICLO INSPECAO]]="Primeiro Ciclo",COUNTIF(Tabela16[[#This Row],[C-01]:[C-120]],"x"),0) -> 0 | H75: =IF(Tabela16[[#This Row],[CICLO INSPECAO]]="Segundo Ciclo",COUNTIF(Tabela16[[#This Row],[C-01]:[C-120]],"x"),0) -> 0 | I75: =IF(Tabela16[[#This Row],[CICLO INSPECAO]]="Terceiro Ciclo",COUNTIF(Tabela16[[#This Row],[C-01]:[C-120]],"x"),0) -> 0 | J75: =IF(Tabela16[[#This Row],[CICLO INSPECAO]]="Quarto Ciclo",COUNTIF(Tabela16[[#This Row],[C-01]:[C-120]],"x"),0) -> 0 | K75: =IF(Tabela16[[#This Row],[CICLO INSPECAO]]="Troca de Spindle",COUNTIF(Tabela16[[#This Row],[C-01]:[C-120]],"x"),0) -> 0
A76: 45628 | B76: - | C76: Santo Inacio III | D76: AEG-29 | E76: 0 | F76: Segundo Ciclo | G76: =IF(Tabela16[[#This Row],[CICLO INSPECAO]]="Primeiro Ciclo",COUNTIF(Tabela16[[#This Row],[C-01]:[C-120]],"x"),0) -> 0 | H76: =IF(Tabela16[[#This Row],[CICLO INSPECAO]]="Segundo Ciclo",COUNTIF(Tabela16[[#This Row],[C-01]:[C-120]],"x"),0) -> 0 | I76: =IF(Tabela16[[#This Row],[CICLO INSPECAO]]="Terceiro Ciclo",COUNTIF(Tabela16[[#This Row],[C-01]:[C-120]],"x"),0) -> 0 | J76: =IF(Tabela16[[#This Row],[CICLO INSPECAO]]="Quarto Ciclo",COUNTIF(Tabela16[[#This Row],[C-01]:[C-120]],"x"),0) -> 0 | K76: =IF(Tabela16[[#This Row],[CICLO INSPECAO]]="Troca de Spindle",COUNTIF(Tabela16[[#This Row],[C-01]:[C-120]],"x"),0) -> 0
A77: 45748 | B77: - | C77: Santo Inacio III | D77: AEG-29 | E77: 0 | F77: Terceiro Ciclo | G77: =IF(Tabela16[[#This Row],[CICLO INSPECAO]]="Primeiro Ciclo",COUNTIF(Tabela16[[#This Row],[C-01]:[C-120]],"x"),0) -> 0 | H77: =IF(Tabela16[[#This Row],[CICLO INSPECAO]]="Segundo Ciclo",COUNTIF(Tabela16[[#This Row],[C-01]:[C-120]],"x"),0) -> 0 | I77: =IF(Tabela16[[#This Row],[CICLO INSPECAO]]="Terceiro Ciclo",COUNTIF(Tabela16[[#This Row],[C-01]:[C-120]],"x"),0) -> 0 | J77: =IF(Tabela16[[#This Row],[CICLO INSPECAO]]="Quarto Ciclo",COUNTIF(Tabela16[[#This Row],[C-01]:[C-120]],"x"),0) -> 0 | K77: =IF(Tabela16[[#This Row],[CICLO INSPECAO]]="Troca de Spindle",COUNTIF(Tabela16[[#This Row],[C-01]:[C-120]],"x"),0) -> 0
A78: 45457 | B78: 68766 | C78: Santo Inacio IV | D78: AEG-30 | E78: 10 | F78: Primeiro Ciclo | G78: =IF(Tabela16[[#This Row],[CICLO INSPECAO]]="Primeiro Ciclo",COUNTIF(Tabela16[[#This Row],[C-01]:[C-120]],"x"),0) -> 1 | H78: =IF(Tabela16[[#This Row],[CICLO INSPECAO]]="Segundo Ciclo",COUNTIF(Tabela16[[#This Row],[C-01]:[C-120]],"x"),0) -> 0 | I78: =IF(Tabela16[[#This Row],[CICLO INSPECAO]]="Terceiro Ciclo",COUNTIF(Tabela16[[#This Row],[C-01]:[C-120]],"x"),0) -> 0 | J78: =IF(Tabela16[[#This Row],[CICLO INSPECAO]]="Quarto Ciclo",COUNTIF(Tabela16[[#This Row],[C-01]:[C-120]],"x"),0) -> 0 | K78: =IF(Tabela16[[#This Row],[CICLO INSPECAO]]="Troca de Spindle",COUNTIF(Tabela16[[#This Row],[C-01]:[C-120]],"x"),0) -> 0 | BP78: X
A79: 45628 | B79: - | C79: Santo Inacio IV | D79: AEG-30 | E79: 0 | F79: Segundo Ciclo | G79: =IF(Tabela16[[#This Row],[CICLO INSPECAO]]="Primeiro Ciclo",COUNTIF(Tabela16[[#This Row],[C-01]:[C-120]],"x"),0) -> 0 | H79: =IF(Tabela16[[#This Row],[CICLO INSPECAO]]="Segundo Ciclo",COUNTIF(Tabela16[[#This Row],[C-01]:[C-120]],"x"),0) -> 0 | I79: =IF(Tabela16[[#This Row],[CICLO INSPECAO]]="Terceiro Ciclo",COUNTIF(Tabela16[[#This Row],[C-01]:[C-120]],"x"),0) -> 0 | J79: =IF(Tabela16[[#This Row],[CICLO INSPECAO]]="Quarto Ciclo",COUNTIF(Tabela16[[#This Row],[C-01]:[C-120]],"x"),0) -> 0 | K79: =IF(Tabela16[[#This Row],[CICLO INSPECAO]]="Troca de Spindle",COUNTIF(Tabela16[[#This Row],[C-01]:[C-120]],"x"),0) -> 0
A80: 45422 | B80: - | C80: Santo Inacio III | D80: AEG-31 | E80: 0 | F80: Primeiro Ciclo | G80: =IF(Tabela16[[#This Row],[CICLO INSPECAO]]="Primeiro Ciclo",COUNTIF(Tabela16[[#This Row],[C-01]:[C-120]],"x"),0) -> 0 | H80: =IF(Tabela16[[#This Row],[CICLO INSPECAO]]="Segundo Ciclo",COUNTIF(Tabela16[[#This Row],[C-01]:[C-120]],"x"),0) -> 0 | I80: =IF(Tabela16[[#This Row],[CICLO INSPECAO]]="Terceiro Ciclo",COUNTIF(Tabela16[[#This Row],[C-01]:[C-120]],"x"),0) -> 0 | J80: =IF(Tabela16[[#This Row],[CICLO INSPECAO]]="Quarto Ciclo",COUNTIF(Tabela16[[#This Row],[C-01]:[C-120]],"x"),0) -> 0 | K80: =IF(Tabela16[[#This Row],[CICLO INSPECAO]]="Troca de Spindle",COUNTIF(Tabela16[[#This Row],[C-01]:[C-120]],"x"),0) -> 0
A81: 45635 | B81: - | C81: Santo Inacio III | D81: AEG-31 | E81: 10 | F81: Segundo Ciclo | G81: =IF(Tabela16[[#This Row],[CICLO INSPECAO]]="Primeiro Ciclo",COUNTIF(Tabela16[[#This Row],[C-01]:[C-120]],"x"),0) -> 0 | H81: =IF(Tabela16[[#This Row],[CICLO INSPECAO]]="Segundo Ciclo",COUNTIF(Tabela16[[#This Row],[C-01]:[C-120]],"x"),0) -> 1 | I81: =IF(Tabela16[[#This Row],[CICLO INSPECAO]]="Terceiro Ciclo",COUNTIF(Tabela16[[#This Row],[C-01]:[C-120]],"x"),0) -> 0 | J81: =IF(Tabela16[[#This Row],[CICLO INSPECAO]]="Quarto Ciclo",COUNTIF(Tabela16[[#This Row],[C-01]:[C-120]],"x"),0) -> 0 | K81: =IF(Tabela16[[#This Row],[CICLO INSPECAO]]="Troca de Spindle",COUNTIF(Tabela16[[#This Row],[C-01]:[C-120]],"x"),0) -> 0 | CP81: X
A82: 45460 | B82: - | C82: Santo Inacio IV | D82: AEG-32 | E82: 0 | F82: Primeiro Ciclo | G82: =IF(Tabela16[[#This Row],[CICLO INSPECAO]]="Primeiro Ciclo",COUNTIF(Tabela16[[#This Row],[C-01]:[C-120]],"x"),0) -> 0 | H82: =IF(Tabela16[[#This Row],[CICLO INSPECAO]]="Segundo Ciclo",COUNTIF(Tabela16[[#This Row],[C-01]:[C-120]],"x"),0) -> 0 | I82: =IF(Tabela16[[#This Row],[CICLO INSPECAO]]="Terceiro Ciclo",COUNTIF(Tabela16[[#This Row],[C-01]:[C-120]],"x"),0) -> 0 | J82: =IF(Tabela16[[#This Row],[CICLO INSPECAO]]="Quarto Ciclo",COUNTIF(Tabela16[[#This Row],[C-01]:[C-120]],"x"),0) -> 0 | K82: =IF(Tabela16[[#This Row],[CICLO INSPECAO]]="Troca de Spindle",COUNTIF(Tabela16[[#This Row],[C-01]:[C-120]],"x"),0) -> 0
A83: 45623 | B83: - | C83: Santo Inacio IV | D83: AEG-32 | E83: 0 | F83: Segundo Ciclo | G83: =IF(Tabela16[[#This Row],[CICLO INSPECAO]]="Primeiro Ciclo",COUNTIF(Tabela16[[#This Row],[C-01]:[C-120]],"x"),0) -> 0 | H83: =IF(Tabela16[[#This Row],[CICLO INSPECAO]]="Segundo Ciclo",COUNTIF(Tabela16[[#This Row],[C-01]:[C-120]],"x"),0) -> 0 | I83: =IF(Tabela16[[#This Row],[CICLO INSPECAO]]="Terceiro Ciclo",COUNTIF(Tabela16[[#This Row],[C-01]:[C-120]],"x"),0) -> 0 | J83: =IF(Tabela16[[#This Row],[CICLO INSPECAO]]="Quarto Ciclo",COUNTIF(Tabela16[[#This Row],[C-01]:[C-120]],"x"),0) -> 0 | K83: =IF(Tabela16[[#This Row],[CICLO INSPECAO]]="Troca de Spindle",COUNTIF(Tabela16[[#This Row],[C-01]:[C-120]],"x"),0) -> 0
A84: 45737 | B84: - | C84: Santo Inacio IV | D84: AEG-32 | E84: 0 | F84: Terceiro Ciclo | G84: =IF(Tabela16[[#This Row],[CICLO INSPECAO]]="Primeiro Ciclo",COUNTIF(Tabela16[[#This Row],[C-01]:[C-120]],"x"),0) -> 0 | H84: =IF(Tabela16[[#This Row],[CICLO INSPECAO]]="Segundo Ciclo",COUNTIF(Tabela16[[#This Row],[C-01]:[C-120]],"x"),0) -> 0 | I84: =IF(Tabela16[[#This Row],[CICLO INSPECAO]]="Terceiro Ciclo",COUNTIF(Tabela16[[#This Row],[C-01]:[C-120]],"x"),0) -> 0 | J84: =IF(Tabela16[[#This Row],[CICLO INSPECAO]]="Quarto Ciclo",COUNTIF(Tabela16[[#This Row],[C-01]:[C-120]],"x"),0) -> 0 | K84: =IF(Tabela16[[#This Row],[CICLO INSPECAO]]="Troca de Spindle",COUNTIF(Tabela16[[#This Row],[C-01]:[C-120]],"x"),0) -> 0
A85: 45384 | B85: 66159 | C85: Santo Inacio IV | D85: AEG-33 | E85: 80 | F85: Primeiro Ciclo | G85: =IF(Tabela16[[#This Row],[CICLO INSPECAO]]="Primeiro Ciclo",COUNTIF(Tabela16[[#This Row],[C-01]:[C-120]],"x"),0) -> 8 | H85: =IF(Tabela16[[#This Row],[CICLO INSPECAO]]="Segundo Ciclo",COUNTIF(Tabela16[[#This Row],[C-01]:[C-120]],"x"),0) -> 0 | I85: =IF(Tabela16[[#This Row],[CICLO INSPECAO]]="Terceiro Ciclo",COUNTIF(Tabela16[[#This Row],[C-01]:[C-120]],"x"),0) -> 0 | J85: =IF(Tabela16[[#This Row],[CICLO INSPECAO]]="Quarto Ciclo",COUNTIF(Tabela16[[#This Row],[C-01]:[C-120]],"x"),0) -> 0 | K85: =IF(Tabela16[[#This Row],[CICLO INSPECAO]]="Troca de Spindle",COUNTIF(Tabela16[[#This Row],[C-01]:[C-120]],"x"),0) -> 0 | U85: X | V85: X | AB85: X | AH85: X | BP85: X | BQ85: X | CJ85: X | CQ85: X
A86: 45619 | B86: - | C86: Santo Inacio IV | D86: AEG-33 | E86: 0 | F86: Segundo Ciclo | G86: =IF(Tabela16[[#This Row],[CICLO INSPECAO]]="Primeiro Ciclo",COUNTIF(Tabela16[[#This Row],[C-01]:[C-120]],"x"),0) -> 0 | H86: =IF(Tabela16[[#This Row],[CICLO INSPECAO]]="Segundo Ciclo",COUNTIF(Tabela16[[#This Row],[C-01]:[C-120]],"x"),0) -> 0 | I86: =IF(Tabela16[[#This Row],[CICLO INSPECAO]]="Terceiro Ciclo",COUNTIF(Tabela16[[#This Row],[C-01]:[C-120]],"x"),0) -> 0 | J86: =IF(Tabela16[[#This Row],[CICLO INSPECAO]]="Quarto Ciclo",COUNTIF(Tabela16[[#This Row],[C-01]:[C-120]],"x"),0) -> 0 | K86: =IF(Tabela16[[#This Row],[CICLO INSPECAO]]="Troca de Spindle",COUNTIF(Tabela16[[#This Row],[C-01]:[C-120]],"x"),0) -> 0
A87: 45429 | B87: 66935 | C87: Santo Inacio IV | D87: AEG-34 | E87: 60 | F87: Primeiro Ciclo | G87: =IF(Tabela16[[#This Row],[CICLO INSPECAO]]="Primeiro Ciclo",COUNTIF(Tabela16[[#This Row],[C-01]:[C-120]],"x"),0) -> 6 | H87: =IF(Tabela16[[#This Row],[CICLO INSPECAO]]="Segundo Ciclo",COUNTIF(Tabela16[[#This Row],[C-01]:[C-120]],"x"),0) -> 0 | I87: =IF(Tabela16[[#This Row],[CICLO INSPECAO]]="Terceiro Ciclo",COUNTIF(Tabela16[[#This Row],[C-01]:[C-120]],"x"),0) -> 0 | J87: =IF(Tabela16[[#This Row],[CICLO INSPECAO]]="Quarto Ciclo",COUNTIF(Tabela16[[#This Row],[C-01]:[C-120]],"x"),0) -> 0 | K87: =IF(Tabela16[[#This Row],[CICLO INSPECAO]]="Troca de Spindle",COUNTIF(Tabela16[[#This Row],[C-01]:[C-120]],"x"),0) -> 0 | BO87: X | BP87: X | BQ87: X | BT87: X | BV87: X | BW87: X
A88: 45630 | B88: - | C88: Santo Inacio IV | D88: AEG-34 | E88: 0 | F88: Segundo Ciclo | G88: =IF(Tabela16[[#This Row],[CICLO INSPECAO]]="Primeiro Ciclo",COUNTIF(Tabela16[[#This Row],[C-01]:[C-120]],"x"),0) -> 0 | H88: =IF(Tabela16[[#This Row],[CICLO INSPECAO]]="Segundo Ciclo",COUNTIF(Tabela16[[#This Row],[C-01]:[C-120]],"x"),0) -> 0 | I88: =IF(Tabela16[[#This Row],[CICLO INSPECAO]]="Terceiro Ciclo",COUNTIF(Tabela16[[#This Row],[C-01]:[C-120]],"x"),0) -> 0 | J88: =IF(Tabela16[[#This Row],[CICLO INSPECAO]]="Quarto Ciclo",COUNTIF(Tabela16[[#This Row],[C-01]:[C-120]],"x"),0) -> 0 | K88: =IF(Tabela16[[#This Row],[CICLO INSPECAO]]="Troca de Spindle",COUNTIF(Tabela16[[#This Row],[C-01]:[C-120]],"x"),0) -> 0
A89: 45408 | B89: 66934 | C89: Garrote | D89: AEG-35 | E89: 200 | F89: Primeiro Ciclo | G89: =IF(Tabela16[[#This Row],[CICLO INSPECAO]]="Primeiro Ciclo",COUNTIF(Tabela16[[#This Row],[C-01]:[C-120]],"x"),0) -> 20 | H89: =IF(Tabela16[[#This Row],[CICLO INSPECAO]]="Segundo Ciclo",COUNTIF(Tabela16[[#This Row],[C-01]:[C-120]],"x"),0) -> 0 | I89: =IF(Tabela16[[#This Row],[CICLO INSPECAO]]="Terceiro Ciclo",COUNTIF(Tabela16[[#This Row],[C-01]:[C-120]],"x"),0) -> 0 | J89: =IF(Tabela16[[#This Row],[CICLO INSPECAO]]="Quarto Ciclo",COUNTIF(Tabela16[[#This Row],[C-01]:[C-120]],"x"),0) -> 0 | K89: =IF(Tabela16[[#This Row],[CICLO INSPECAO]]="Troca de Spindle",COUNTIF(Tabela16[[#This Row],[C-01]:[C-120]],"x"),0) -> 0 | L89: X | M89: X | N89: X | O89: X | P89: X | Q89: X | V89: X | Z89: X | AB89: X | AC89: X | AD89: X | AE89: X | AO89: X | DU89: X | DV89: X | DW89: X | DX89: X | DY89: X | DZ89: X | EA89: X
A90: 45608 | B90: - | C90: Garrote | D90: AEG-35 | E90: 20 | F90: Segundo Ciclo | G90: =IF(Tabela16[[#This Row],[CICLO INSPECAO]]="Primeiro Ciclo",COUNTIF(Tabela16[[#This Row],[C-01]:[C-120]],"x"),0) -> 0 | H90: =IF(Tabela16[[#This Row],[CICLO INSPECAO]]="Segundo Ciclo",COUNTIF(Tabela16[[#This Row],[C-01]:[C-120]],"x"),0) -> 2 | I90: =IF(Tabela16[[#This Row],[CICLO INSPECAO]]="Terceiro Ciclo",COUNTIF(Tabela16[[#This Row],[C-01]:[C-120]],"x"),0) -> 0 | J90: =IF(Tabela16[[#This Row],[CICLO INSPECAO]]="Quarto Ciclo",COUNTIF(Tabela16[[#This Row],[C-01]:[C-120]],"x"),0) -> 0 | K90: =IF(Tabela16[[#This Row],[CICLO INSPECAO]]="Troca de Spindle",COUNTIF(Tabela16[[#This Row],[C-01]:[C-120]],"x"),0) -> 0 | U90: X | AI90: X
A91: 45758 | B91: - | C91: Garrote | D91: AEG-35 | E91: 180 | F91: Terceiro Ciclo | G91: =IF(Tabela16[[#This Row],[CICLO INSPECAO]]="Primeiro Ciclo",COUNTIF(Tabela16[[#This Row],[C-01]:[C-120]],"x"),0) -> 0 | H91: =IF(Tabela16[[#This Row],[CICLO INSPECAO]]="Segundo Ciclo",COUNTIF(Tabela16[[#This Row],[C-01]:[C-120]],"x"),0) -> 0 | I91: =IF(Tabela16[[#This Row],[CICLO INSPECAO]]="Terceiro Ciclo",COUNTIF(Tabela16[[#This Row],[C-01]:[C-120]],"x"),0) -> 18 | J91: =IF(Tabela16[[#This Row],[CICLO INSPECAO]]="Quarto Ciclo",COUNTIF(Tabela16[[#This Row],[C-01]:[C-120]],"x"),0) -> 0 | K91: =IF(Tabela16[[#This Row],[CICLO INSPECAO]]="Troca de Spindle",COUNTIF(Tabela16[[#This Row],[C-01]:[C-120]],"x"),0) -> 0 | AH91: X | AM91: X | AN91: X | AP91: X | AT91: X | BT91: X | CG91: X | CH91: X | CL91: X | CM91: X | CN91: X | CO91: X | CP91: X | CZ91: X | DD91: X | DE91: X | DN91: X | DO91: X
A92: 45415 | B92: 66933 | C92: Santo Inacio IV | D92: AEG-36 | E92: 260 | F92: Primeiro Ciclo | G92: =IF(Tabela16[[#This Row],[CICLO INSPECAO]]="Primeiro Ciclo",COUNTIF(Tabela16[[#This Row],[C-01]:[C-120]],"x"),0) -> 26 | H92: =IF(Tabela16[[#This Row],[CICLO INSPECAO]]="Segundo Ciclo",COUNTIF(Tabela16[[#This Row],[C-01]:[C-120]],"x"),0) -> 0 | I92: =IF(Tabela16[[#This Row],[CICLO INSPECAO]]="Terceiro Ciclo",COUNTIF(Tabela16[[#This Row],[C-01]:[C-120]],"x"),0) -> 0 | J92: =IF(Tabela16[[#This Row],[CICLO INSPECAO]]="Quarto Ciclo",COUNTIF(Tabela16[[#This Row],[C-01]:[C-120]],"x"),0) -> 0 | K92: =IF(Tabela16[[#This Row],[CICLO INSPECAO]]="Troca de Spindle",COUNTIF(Tabela16[[#This Row],[C-01]:[C-120]],"x"),0) -> 0 | Q92: X | BF92: X | BW92: X | BX92: X | BZ92: X | CB92: X | CC92: X | CD92: X | CG92: X | CH92: X | CI92: X | CJ92: X | CK92: X | CN92: X | CO92: X | CP92: X | CQ92: X | CR92: X | CS92: X | CT92: X | CU92: X | CV92: X | CW92: X | CX92: X | CZ92: X | DQ92: X
A93: 45619 | B93: - | C93: Santo Inacio IV | D93: AEG-36 | E93: 20 | F93: Segundo Ciclo | G93: =IF(Tabela16[[#This Row],[CICLO INSPECAO]]="Primeiro Ciclo",COUNTIF(Tabela16[[#This Row],[C-01]:[C-120]],"x"),0) -> 0 | H93: =IF(Tabela16[[#This Row],[CICLO INSPECAO]]="Segundo Ciclo",COUNTIF(Tabela16[[#This Row],[C-01]:[C-120]],"x"),0) -> 2 | I93: =IF(Tabela16[[#This Row],[CICLO INSPECAO]]="Terceiro Ciclo",COUNTIF(Tabela16[[#This Row],[C-01]:[C-120]],"x"),0) -> 0 | J93: =IF(Tabela16[[#This Row],[CICLO INSPECAO]]="Quarto Ciclo",COUNTIF(Tabela16[[#This Row],[C-01]:[C-120]],"x"),0) -> 0 | K93: =IF(Tabela16[[#This Row],[CICLO INSPECAO]]="Troca de Spindle",COUNTIF(Tabela16[[#This Row],[C-01]:[C-120]],"x"),0) -> 0 | Z93: X | AX93: X
A94: 45736 | B94: - | C94: Santo Inacio IV | D94: AEG-36 | E94: 20 | F94: Terceiro Ciclo | G94: =IF(Tabela16[[#This Row],[CICLO INSPECAO]]="Primeiro Ciclo",COUNTIF(Tabela16[[#This Row],[C-01]:[C-120]],"x"),0) -> 0 | H94: =IF(Tabela16[[#This Row],[CICLO INSPECAO]]="Segundo Ciclo",COUNTIF(Tabela16[[#This Row],[C-01]:[C-120]],"x"),0) -> 0 | I94: =IF(Tabela16[[#This Row],[CICLO INSPECAO]]="Terceiro Ciclo",COUNTIF(Tabela16[[#This Row],[C-01]:[C-120]],"x"),0) -> 4 | J94: =IF(Tabela16[[#This Row],[CICLO INSPECAO]]="Quarto Ciclo",COUNTIF(Tabela16[[#This Row],[C-01]:[C-120]],"x"),0) -> 0 | K94: =IF(Tabela16[[#This Row],[CICLO INSPECAO]]="Troca de Spindle",COUNTIF(Tabela16[[#This Row],[C-01]:[C-120]],"x"),0) -> 0 | BZ94: X | CW94: X | CY94: X | DA94: x
A95: 45454 | B95: - | C95: Santo Inacio IV | D95: AEG-37 | E95: 0 | F95: Primeiro Ciclo | G95: =IF(Tabela16[[#This Row],[CICLO INSPECAO]]="Primeiro Ciclo",COUNTIF(Tabela16[[#This Row],[C-01]:[C-120]],"x"),0) -> 0 | H95: =IF(Tabela16[[#This Row],[CICLO INSPECAO]]="Segundo Ciclo",COUNTIF(Tabela16[[#This Row],[C-01]:[C-120]],"x"),0) -> 0 | I95: =IF(Tabela16[[#This Row],[CICLO INSPECAO]]="Terceiro Ciclo",COUNTIF(Tabela16[[#This Row],[C-01]:[C-120]],"x"),0) -> 0 | J95: =IF(Tabela16[[#This Row],[CICLO INSPECAO]]="Quarto Ciclo",COUNTIF(Tabela16[[#This Row],[C-01]:[C-120]],"x"),0) -> 0 | K95: =IF(Tabela16[[#This Row],[CICLO INSPECAO]]="Troca de Spindle",COUNTIF(Tabela16[[#This Row],[C-01]:[C-120]],"x"),0) -> 0
A96: 45624 | B96: - | C96: Santo Inacio IV | D96: AEG-37 | E96: 0 | F96: Segundo Ciclo | G96: =IF(Tabela16[[#This Row],[CICLO INSPECAO]]="Primeiro Ciclo",COUNTIF(Tabela16[[#This Row],[C-01]:[C-120]],"x"),0) -> 0 | H96: =IF(Tabela16[[#This Row],[CICLO INSPECAO]]="Segundo Ciclo",COUNTIF(Tabela16[[#This Row],[C-01]:[C-120]],"x"),0) -> 0 | I96: =IF(Tabela16[[#This Row],[CICLO INSPECAO]]="Terceiro Ciclo",COUNTIF(Tabela16[[#This Row],[C-01]:[C-120]],"x"),0) -> 0 | J96: =IF(Tabela16[[#This Row],[CICLO INSPECAO]]="Quarto Ciclo",COUNTIF(Tabela16[[#This Row],[C-01]:[C-120]],"x"),0) -> 0 | K96: =IF(Tabela16[[#This Row],[CICLO INSPECAO]]="Troca de Spindle",COUNTIF(Tabela16[[#This Row],[C-01]:[C-120]],"x"),0) -> 0
A97: 45740 | B97: - | C97: Santo Inacio IV | D97: AEG-37 | E97: 0 | F97: Terceiro Ciclo | G97: =IF(Tabela16[[#This Row],[CICLO INSPECAO]]="Primeiro Ciclo",COUNTIF(Tabela16[[#This Row],[C-01]:[C-120]],"x"),0) -> 0 | H97: =IF(Tabela16[[#This Row],[CICLO INSPECAO]]="Segundo Ciclo",COUNTIF(Tabela16[[#This Row],[C-01]:[C-120]],"x"),0) -> 0 | I97: =IF(Tabela16[[#This Row],[CICLO INSPECAO]]="Terceiro Ciclo",COUNTIF(Tabela16[[#This Row],[C-01]:[C-120]],"x"),0) -> 0 | J97: =IF(Tabela16[[#This Row],[CICLO INSPECAO]]="Quarto Ciclo",COUNTIF(Tabela16[[#This Row],[C-01]:[C-120]],"x"),0) -> 0 | K97: =IF(Tabela16[[#This Row],[CICLO INSPECAO]]="Troca de Spindle",COUNTIF(Tabela16[[#This Row],[C-01]:[C-120]],"x"),0) -> 0
A98: 45461 | B98: - | C98: Santo Inacio IV | D98: AEG-38 | E98: 0 | F98: Primeiro Ciclo | G98: =IF(Tabela16[[#This Row],[CICLO INSPECAO]]="Primeiro Ciclo",COUNTIF(Tabela16[[#This Row],[C-01]:[C-120]],"x"),0) -> 0 | H98: =IF(Tabela16[[#This Row],[CICLO INSPECAO]]="Segundo Ciclo",COUNTIF(Tabela16[[#This Row],[C-01]:[C-120]],"x"),0) -> 0 | I98: =IF(Tabela16[[#This Row],[CICLO INSPECAO]]="Terceiro Ciclo",COUNTIF(Tabela16[[#This Row],[C-01]:[C-120]],"x"),0) -> 0 | J98: =IF(Tabela16[[#This Row],[CICLO INSPECAO]]="Quarto Ciclo",COUNTIF(Tabela16[[#This Row],[C-01]:[C-120]],"x"),0) -> 0 | K98: =IF(Tabela16[[#This Row],[CICLO INSPECAO]]="Troca de Spindle",COUNTIF(Tabela16[[#This Row],[C-01]:[C-120]],"x"),0) -> 0
A99: 45629 | B99: - | C99: Santo Inacio IV | D99: AEG-38 | E99: 0 | F99: Segundo Ciclo | G99: =IF(Tabela16[[#This Row],[CICLO INSPECAO]]="Primeiro Ciclo",COUNTIF(Tabela16[[#This Row],[C-01]:[C-120]],"x"),0) -> 0 | H99: =IF(Tabela16[[#This Row],[CICLO INSPECAO]]="Segundo Ciclo",COUNTIF(Tabela16[[#This Row],[C-01]:[C-120]],"x"),0) -> 0 | I99: =IF(Tabela16[[#This Row],[CICLO INSPECAO]]="Terceiro Ciclo",COUNTIF(Tabela16[[#This Row],[C-01]:[C-120]],"x"),0) -> 0 | J99: =IF(Tabela16[[#This Row],[CICLO INSPECAO]]="Quarto Ciclo",COUNTIF(Tabela16[[#This Row],[C-01]:[C-120]],"x"),0) -> 0 | K99: =IF(Tabela16[[#This Row],[CICLO INSPECAO]]="Troca de Spindle",COUNTIF(Tabela16[[#This Row],[C-01]:[C-120]],"x"),0) -> 0
A100: 45735 | B100: - | C100: Santo Inacio IV | D100: AEG-38 | E100: 0 | F100: Terceiro Ciclo | G100: =IF(Tabela16[[#This Row],[CICLO INSPECAO]]="Primeiro Ciclo",COUNTIF(Tabela16[[#This Row],[C-01]:[C-120]],"x"),0) -> 0 | H100: =IF(Tabela16[[#This Row],[CICLO INSPECAO]]="Segundo Ciclo",COUNTIF(Tabela16[[#This Row],[C-01]:[C-120]],"x"),0) -> 0 | I100: =IF(Tabela16[[#This Row],[CICLO INSPECAO]]="Terceiro Ciclo",COUNTIF(Tabela16[[#This Row],[C-01]:[C-120]],"x"),0) -> 0 | J100: =IF(Tabela16[[#This Row],[CICLO INSPECAO]]="Quarto Ciclo",COUNTIF(Tabela16[[#This Row],[C-01]:[C-120]],"x"),0) -> 0 | K100: =IF(Tabela16[[#This Row],[CICLO INSPECAO]]="Troca de Spindle",COUNTIF(Tabela16[[#This Row],[C-01]:[C-120]],"x"),0) -> 0
A101: 45436 | B101: - | C101: Garrote | D101: AEG-39 | E101: 0 | F101: Primeiro Ciclo | G101: =IF(Tabela16[[#This Row],[CICLO INSPECAO]]="Primeiro Ciclo",COUNTIF(Tabela16[[#This Row],[C-01]:[C-120]],"x"),0) -> 0 | H101: =IF(Tabela16[[#This Row],[CICLO INSPECAO]]="Segundo Ciclo",COUNTIF(Tabela16[[#This Row],[C-01]:[C-120]],"x"),0) -> 0 | I101: =IF(Tabela16[[#This Row],[CICLO INSPECAO]]="Terceiro Ciclo",COUNTIF(Tabela16[[#This Row],[C-01]:[C-120]],"x"),0) -> 0 | J101: =IF(Tabela16[[#This Row],[CICLO INSPECAO]]="Quarto Ciclo",COUNTIF(Tabela16[[#This Row],[C-01]:[C-120]],"x"),0) -> 0 | K101: =IF(Tabela16[[#This Row],[CICLO INSPECAO]]="Troca de Spindle",COUNTIF(Tabela16[[#This Row],[C-01]:[C-120]],"x"),0) -> 0
A102: 45617 | B102: - | C102: Garrote | D102: AEG-39 | E102: 0 | F102: Segundo Ciclo | G102: =IF(Tabela16[[#This Row],[CICLO INSPECAO]]="Primeiro Ciclo",COUNTIF(Tabela16[[#This Row],[C-01]:[C-120]],"x"),0) -> 0 | H102: =IF(Tabela16[[#This Row],[CICLO INSPECAO]]="Segundo Ciclo",COUNTIF(Tabela16[[#This Row],[C-01]:[C-120]],"x"),0) -> 0 | I102: =IF(Tabela16[[#This Row],[CICLO INSPECAO]]="Terceiro Ciclo",COUNTIF(Tabela16[[#This Row],[C-01]:[C-120]],"x"),0) -> 0 | J102: =IF(Tabela16[[#This Row],[CICLO INSPECAO]]="Quarto Ciclo",COUNTIF(Tabela16[[#This Row],[C-01]:[C-120]],"x"),0) -> 0 | K102: =IF(Tabela16[[#This Row],[CICLO INSPECAO]]="Troca de Spindle",COUNTIF(Tabela16[[#This Row],[C-01]:[C-120]],"x"),0) -> 0
A103: 45770 | B103: - | C103: Garrote | D103: AEG-39 | E103: 120 | F103: Terceiro Ciclo | G103: =IF(Tabela16[[#This Row],[CICLO INSPECAO]]="Primeiro Ciclo",COUNTIF(Tabela16[[#This Row],[C-01]:[C-120]],"x"),0) -> 0 | H103: =IF(Tabela16[[#This Row],[CICLO INSPECAO]]="Segundo Ciclo",COUNTIF(Tabela16[[#This Row],[C-01]:[C-120]],"x"),0) -> 0 | I103: =IF(Tabela16[[#This Row],[CICLO INSPECAO]]="Terceiro Ciclo",COUNTIF(Tabela16[[#This Row],[C-01]:[C-120]],"x"),0) -> 12 | J103: =IF(Tabela16[[#This Row],[CICLO INSPECAO]]="Quarto Ciclo",COUNTIF(Tabela16[[#This Row],[C-01]:[C-120]],"x"),0) -> 0 | K103: =IF(Tabela16[[#This Row],[CICLO INSPECAO]]="Troca de Spindle",COUNTIF(Tabela16[[#This Row],[C-01]:[C-120]],"x"),0) -> 0 | S103: X | T103: X | U103: X | BQ103: X | BU103: X | BV103: X | BX103: X | CB103: X | CO103: X | CP103: X | CX103: X | DD103: X
A104: 45455 | B104: - | C104: Santo Inacio IV | D104: AEG-40 | E104: 0 | F104: Primeiro Ciclo | G104: =IF(Tabela16[[#This Row],[CICLO INSPECAO]]="Primeiro Ciclo",COUNTIF(Tabela16[[#This Row],[C-01]:[C-120]],"x"),0) -> 0 | H104: =IF(Tabela16[[#This Row],[CICLO INSPECAO]]="Segundo Ciclo",COUNTIF(Tabela16[[#This Row],[C-01]:[C-120]],"x"),0) -> 0 | I104: =IF(Tabela16[[#This Row],[CICLO INSPECAO]]="Terceiro Ciclo",COUNTIF(Tabela16[[#This Row],[C-01]:[C-120]],"x"),0) -> 0 | J104: =IF(Tabela16[[#This Row],[CICLO INSPECAO]]="Quarto Ciclo",COUNTIF(Tabela16[[#This Row],[C-01]:[C-120]],"x"),0) -> 0 | K104: =IF(Tabela16[[#This Row],[CICLO INSPECAO]]="Troca de Spindle",COUNTIF(Tabela16[[#This Row],[C-01]:[C-120]],"x"),0) -> 0
A105: 45631 | B105: - | C105: Santo Inacio IV | D105: AEG-40 | E105: 0 | F105: Segundo Ciclo | G105: =IF(Tabela16[[#This Row],[CICLO INSPECAO]]="Primeiro Ciclo",COUNTIF(Tabela16[[#This Row],[C-01]:[C-120]],"x"),0) -> 0 | H105: =IF(Tabela16[[#This Row],[CICLO INSPECAO]]="Segundo Ciclo",COUNTIF(Tabela16[[#This Row],[C-01]:[C-120]],"x"),0) -> 0 | I105: =IF(Tabela16[[#This Row],[CICLO INSPECAO]]="Terceiro Ciclo",COUNTIF(Tabela16[[#This Row],[C-01]:[C-120]],"x"),0) -> 0 | J105: =IF(Tabela16[[#This Row],[CICLO INSPECAO]]="Quarto Ciclo",COUNTIF(Tabela16[[#This Row],[C-01]:[C-120]],"x"),0) -> 0 | K105: =IF(Tabela16[[#This Row],[CICLO INSPECAO]]="Troca de Spindle",COUNTIF(Tabela16[[#This Row],[C-01]:[C-120]],"x"),0) -> 0
A106: 45432 | B106: - | C106: Garrote | D106: AEG-41 | E106: 0 | F106: Primeiro Ciclo | G106: =IF(Tabela16[[#This Row],[CICLO INSPECAO]]="Primeiro Ciclo",COUNTIF(Tabela16[[#This Row],[C-01]:[C-120]],"x"),0) -> 0 | H106: =IF(Tabela16[[#This Row],[CICLO INSPECAO]]="Segundo Ciclo",COUNTIF(Tabela16[[#This Row],[C-01]:[C-120]],"x"),0) -> 0 | I106: =IF(Tabela16[[#This Row],[CICLO INSPECAO]]="Terceiro Ciclo",COUNTIF(Tabela16[[#This Row],[C-01]:[C-120]],"x"),0) -> 0 | J106: =IF(Tabela16[[#This Row],[CICLO INSPECAO]]="Quarto Ciclo",COUNTIF(Tabela16[[#This Row],[C-01]:[C-120]],"x"),0) -> 0 | K106: =IF(Tabela16[[#This Row],[CICLO INSPECAO]]="Troca de Spindle",COUNTIF(Tabela16[[#This Row],[C-01]:[C-120]],"x"),0) -> 0
A107: 45632 | B107: - | C107: Garrote | D107: AEG-41 | E107: 0 | F107: Segundo Ciclo | G107: =IF(Tabela16[[#This Row],[CICLO INSPECAO]]="Primeiro Ciclo",COUNTIF(Tabela16[[#This Row],[C-01]:[C-120]],"x"),0) -> 0 | H107: =IF(Tabela16[[#This Row],[CICLO INSPECAO]]="Segundo Ciclo",COUNTIF(Tabela16[[#This Row],[C-01]:[C-120]],"x"),0) -> 0 | I107: =IF(Tabela16[[#This Row],[CICLO INSPECAO]]="Terceiro Ciclo",COUNTIF(Tabela16[[#This Row],[C-01]:[C-120]],"x"),0) -> 0 | J107: =IF(Tabela16[[#This Row],[CICLO INSPECAO]]="Quarto Ciclo",COUNTIF(Tabela16[[#This Row],[C-01]:[C-120]],"x"),0) -> 0 | K107: =IF(Tabela16[[#This Row],[CICLO INSPECAO]]="Troca de Spindle",COUNTIF(Tabela16[[#This Row],[C-01]:[C-120]],"x"),0) -> 0
...

Sheet Carreiras_Vertical
A1: Data inspeção | B1: OS | C1: Cluster | D1: AEG | E1: Qtd. Imas trocados | F1: Carreira | G1: Descrição | H1: Ciclo de Inspeção | I1: Status | J1: substituição
A2: 45408 | B2: 66934 | C2: Garrote | D2: AEG35 | E2: 10 | F2: 6 | G2: Substituido | H2: Primeiro Ciclo | I2: Fora de Operação | J2: 45568
A3: 45415 | B3: 66933 | C3: Santo Inacio IV | D3: AEG36 | E3: 10 | F3: 6 | G3: Substituido | H3: Primeiro Ciclo | I3: Fora de Operação | J3: 45558
A4: 45446 | B4: 67257 | C4: São Raimundo | D4: AEG11 | E4: 10 | F4: 6 | G4: Substituido | H4: Primeiro Ciclo | I4: Fora de Operação | J4: 45461
A5: 45447 | B5: 67315 | C5: São Raimundo | D5: AEG13 | E5: 10 | F5: 6 | G5: Substituido | H5: Primeiro Ciclo | I5: Fora de Operação | J5: 45468
A6: 45384 | B6: 66158 | C6: Garrote | D6: AEG45 | E6: 10 | F6: 86 | G6: Substituido | H6: Primeiro Ciclo | I6: Fora de Operação | J6: 45580
A7: 45384 | B7: 66158 | C7: Garrote | D7: AEG45 | E7: 10 | F7: 101 | G7: Substituido | H7: Primeiro Ciclo | I7: Fora de Operação | J7: 45580
A8: 45384 | B8: 66158 | C8: Garrote | D8: AEG45 | E8: 10 | F8: 119 | G8: Substituido | H8: Primeiro Ciclo | I8: Fora de Operação | J8: 45580
A9: 45384 | B9: 66158 | C9: Garrote | D9: AEG45 | E9: 10 | F9: 120 | G9: Substituido | H9: Primeiro Ciclo | I9: Fora de Operação | J9: 45580
A10: 45446 | B10: 67257 | C10: São Raimundo | D10: AEG11 | E10: 10 | F10: 7 | G10: Substituido | H10: Primeiro Ciclo | I10: Fora de Operação | J10: 45461
A11: 45447 | B11: 67315 | C11: São Raimundo | D11: AEG13 | E11: 10 | F11: 7 | G11: Substituido | H11: Primeiro Ciclo | I11: Fora de Operação | J11: 45468
A12: 45770 | B12: - | C12: Garrote | D12: AEG39 | E12: 10 | F12: 8 | G12: Substituido | H12: Terceiro Ciclo | I12: Fora de Operação | J12: 45772
A13: 45384 | B13: 66159 | C13: Santo Inacio IV | D13: AEG33 | E13: 10 | F13: 58 | G13: Substituido | H13: Primeiro Ciclo | I13: Fora de Operação | J13: 45512
A14: 45384 | B14: 66159 | C14: Santo Inacio IV | D14: AEG33 | E14: 10 | F14: 77 | G14: Substituido | H14: Primeiro Ciclo | I14: Fora de Operação | J14: 45512
A15: 45384 | B15: 66159 | C15: Santo Inacio IV | D15: AEG33 | E15: 10 | F15: 84 | G15: Substituido | H15: Primeiro Ciclo | I15: Fora de Operação | J15: 45512
A16: 45770 | B16: - | C16: Garrote | D16: AEG39 | E16: 10 | F16: 9 | G16: Substituido | H16: Terceiro Ciclo | I16: Fora de Operação | J16: 45772
A17: 45384 | B17: 66159 | C17: Santo Inacio IV | D17: AEG33 | E17: 10 | F17: 10 | G17: Substituido | H17: Primeiro Ciclo | I17: Fora de Operação | J17: 45512
A18: 45391 | B18: 66160 | C18: Santo Inacio III | D18: AEG29 | E18: 142 | F18: - | G18: Substituido | H18: Primeiro Ciclo | I18: Fora de Operação | J18: 45593
A19: 45608 | B19: - | C19: Garrote | D19: AEG35 | E19: 10 | F19: 10 | G19: Substituido | H19: Segundo Ciclo | I19: Em Operação | J19: 45635
A20: 45408 | B20: 66434 | C20: Santo Inacio III | D20: AEG06 | E20: 10 | F20: 67 | G20: Substituido | H20: Primeiro Ciclo | I20: Fora de Operação | J20: 45519
A21: 45408 | B21: 66934 | C21: Garrote | D21: AEG35 | E21: 10 | F21: 1 | G21: Substituido | H21: Primeiro Ciclo | I21: Fora de Operação | J21: 45568
A22: 45408 | B22: 66934 | C22: Garrote | D22: AEG35 | E22: 10 | F22: 2 | G22: Substituido | H22: Primeiro Ciclo | I22: Fora de Operação | J22: 45568
A23: 45408 | B23: 66934 | C23: Garrote | D23: AEG35 | E23: 10 | F23: 3 | G23: Substituido | H23: Primeiro Ciclo | I23: Fora de Operação | J23: 45568
A24: 45408 | B24: 66934 | C24: Garrote | D24: AEG35 | E24: 10 | F24: 4 | G24: Substituido | H24: Primeiro Ciclo | I24: Fora de Operação | J24: 45568
A25: 45408 | B25: 66934 | C25: Garrote | D25: AEG35 | E25: 10 | F25: 5 | G25: Substituido | H25: Primeiro Ciclo | I25: Fora de Operação | J25: 45568
A26: 45770 | B26: - | C26: Garrote | D26: AEG39 | E26: 10 | F26: 10 | G26: Substituido | H26: Terceiro Ciclo | I26: Fora de Operação | J26: 45772
A27: 45384 | B27: 66159 | C27: Santo Inacio IV | D27: AEG33 | E27: 10 | F27: 11 | G27: Substituido | H27: Primeiro Ciclo | I27: Fora de Operação | J27: 45512
A28: 45408 | B28: 66934 | C28: Garrote | D28: AEG35 | E28: 10 | F28: 11 | G28: Substituido | H28: Primeiro Ciclo | I28: Fora de Operação | J28: 45568
A29: 45425 | B29: 66932 | C29: Santo Inacio III | D29: AEG05 | E29: 10 | F29: 14 | G29: Substituido | H29: Primeiro Ciclo | I29: Fora de Operação | J29: 45597
A30: 45408 | B30: 66934 | C30: Garrote | D30: AEG35 | E30: 10 | F30: 15 | G30: Substituido | H30: Primeiro Ciclo | I30: Fora de Operação | J30: 45568
A31: 45619 | B31: - | C31: Santo Inacio IV | D31: AEG36 | E31: 10 | F31: 15 | G31: Substituido | H31: Segundo Ciclo | I31: Em Operação | J31: 45639
A32: 45384 | B32: 66159 | C32: Santo Inacio IV | D32: AEG33 | E32: 10 | F32: 17 | G32: Substituido | H32: Primeiro Ciclo | I32: Fora de Operação | J32: 45512
A33: 45408 | B33: 66934 | C33: Garrote | D33: AEG35 | E33: 10 | F33: 17 | G33: Substituido | H33: Primeiro Ciclo | I33: Fora de Operação | J33: 45568
A34: 45408 | B34: 66934 | C34: Garrote | D34: AEG35 | E34: 10 | F34: 114 | G34: Substituido | H34: Primeiro Ciclo | I34: Fora de Operação | J34: 45568
A35: 45408 | B35: 66934 | C35: Garrote | D35: AEG35 | E35: 10 | F35: 115 | G35: Substituido | H35: Primeiro Ciclo | I35: Fora de Operação | J35: 45568
A36: 45408 | B36: 66934 | C36: Garrote | D36: AEG35 | E36: 10 | F36: 116 | G36: Substituido | H36: Primeiro Ciclo | I36: Fora de Operação | J36: 45568
A37: 45408 | B37: 66934 | C37: Garrote | D37: AEG35 | E37: 10 | F37: 117 | G37: Substituido | H37: Primeiro Ciclo | I37: Fora de Operação | J37: 45568
A38: 45408 | B38: 66934 | C38: Garrote | D38: AEG35 | E38: 10 | F38: 118 | G38: Substituido | H38: Primeiro Ciclo | I38: Fora de Operação | J38: 45568
A39: 45408 | B39: 66934 | C39: Garrote | D39: AEG35 | E39: 10 | F39: 119 | G39: Substituido | H39: Primeiro Ciclo | I39: Fora de Operação | J39: 45568
A40: 45408 | B40: 66934 | C40: Garrote | D40: AEG35 | E40: 10 | F40: 120 | G40: Substituido | H40: Primeiro Ciclo | I40: Fora de Operação | J40: 45568
A41: 45408 | B41: 66934 | C41: Garrote | D41: AEG35 | E41: 10 | F41: 18 | G41: Substituido | H41: Primeiro Ciclo | I41: Fora de Operação | J41: 45568
A42: 45420 | B42: 66931 | C42: São Raimundo | D42: AEG16 | E42: 10 | F42: 18 | G42: Substituido | H42: Primeiro Ciclo | I42: Fora de Operação | J42: 45478
A43: 45415 | B43: 66933 | C43: Santo Inacio IV | D43: AEG36 | E43: 10 | F43: 64 | G43: Substituido | H43: Primeiro Ciclo | I43: Fora de Operação | J43: 45558
... A71: 45420 | B71: 66931 | C71: São Raimundo | D71: AEG16 | E71: 10 | F71: 113 | G71: Substituido | H71: Primeiro Ciclo | I71: Fora de Operação | J71: 45478
A72: 45421 | B72: - | C72: São Raimundo | D72: AEG18 | E72: 0 | F72: - | G72: Imãs OK | H72: Primeiro Ciclo | I72: Em Operação | J72: -
A73: 45422 | B73: - | C73: Santo Inacio III | D73: AEG31 | E73: 0 | F73: - | G73: Imãs OK | H73: Primeiro Ciclo | I73: Em Operação | J73: -
A74: 45629 | B74: - | C74: Santo Inacio III | D74: AEG26 | E74: 10 | F74: 21 | G74: Substituido | H74: Segundo Ciclo | I74: Em Operação | J74: 45632
A75: 45433 | B75: 66887 | C75: Garrote | D75: AEG46 | E75: 10 | F75: 22 | G75: Substituido | H75: Primeiro Ciclo | I75: Fora de Operação | J75: 45457
A76: 45425 | B76: 66932 | C76: Santo Inacio III | D76: AEG05 | E76: 10 | F76: 94 | G76: Substituido | H76: Primeiro Ciclo | I76: Fora de Operação | J76: 45597
A77: 45425 | B77: 66932 | C77: Santo Inacio III | D77: AEG05 | E77: 10 | F77: 95 | G77: Substituido | H77: Primeiro Ciclo | I77: Fora de Operação | J77: 45597
A78: 45425 | B78: 66932 | C78: Santo Inacio III | D78: AEG05 | E78: 10 | F78: 96 | G78: Substituido | H78: Primeiro Ciclo | I78: Fora de Operação | J78: 45597
A79: 45425 | B79: 66932 | C79: Santo Inacio III | D79: AEG05 | E79: 10 | F79: 99 | G79: Substituido | H79: Primeiro Ciclo | I79: Fora de Operação | J79: 45597
A80: 45384 | B80: 66159 | C80: Santo Inacio IV | D80: AEG33 | E80: 10 | F80: 23 | G80: Substituido | H80: Primeiro Ciclo | I80: Fora de Operação | J80: 45512
A81: 45433 | B81: 66887 | C81: Garrote | D81: AEG46 | E81: 10 | F81: 23 | G81: Substituido | H81: Primeiro Ciclo | I81: Fora de Operação | J81: 45457
A82: 45429 | B82: 66935 | C82: Santo Inacio IV | D82: AEG34 | E82: 10 | F82: 58 | G82: Substituido | H82: Primeiro Ciclo | I82: Fora de Operação | J82: 45472
A83: 45429 | B83: 66935 | C83: Santo Inacio IV | D83: AEG34 | E83: 10 | F83: 61 | G83: Substituido | H83: Primeiro Ciclo | I83: Fora de Operação | J83: 45472
A84: 45429 | B84: 66935 | C84: Santo Inacio IV | D84: AEG34 | E84: 10 | F84: 63 | G84: Substituido | H84: Primeiro Ciclo | I84: Fora de Operação | J84: 45472
A85: 45429 | B85: 66935 | C85: Santo Inacio IV | D85: AEG34 | E85: 10 | F85: 64 | G85: Substituido | H85: Primeiro Ciclo | I85: Fora de Operação | J85: 45472
A86: 45432 | B86: - | C86: Garrote | D86: AEG41 | E86: 0 | F86: - | G86: Imãs OK | H86: Primeiro Ciclo | I86: Em Operação | J86: -
A87: 45758 | B87: - | C87: Garrote | D87: AEG35 | E87: 10 | F87: 23 | G87: Substituido | H87: Terceiro Ciclo | I87: Fora de Operação | J87: 45764
A88: 45447 | B88: 67315 | C88: São Raimundo | D88: AEG13 | E88: 10 | F88: 24 | G88: Substituido | H88: Primeiro Ciclo | I88: Fora de Operação | J88: 45468
A89: 45434 | B89: - | C89: Garrote | D89: AEG47 | E89: 0 | F89: - | G89: Imãs OK | H89: Primeiro Ciclo | I89: Em Operação | J89: -
A90: 45435 | B90: - | C90: Garrote | D90: AEG14 | E90: 0 | F90: - | G90: Imãs OK | H90: Primeiro Ciclo | I90: Em Operação | J90: -
A91: 45435 | B91: - | C91: Garrote | D91: AEG43 | E91: 0 | F91: - | G91: Imãs OK | H91: Primeiro Ciclo | I91: Em Operação | J91: -
A92: 45436 | B92: - | C92: Garrote | D92: AEG04 | E92: 0 | F92: - | G92: Imãs OK | H92: Primeiro Ciclo | I92: Em Operação | J92: -
A93: 45436 | B93: - | C93: Garrote | D93: AEG39 | E93: 0 | F93: - | G93: Imãs OK | H93: Primeiro Ciclo | I93: Em Operação | J93: -
A94: 45437 | B94: - | C94: Garrote | D94: AEG39 | E94: 0 | F94: - | G94: Imãs OK | H94: Primeiro Ciclo | I94: Em Operação | J94: -
A95: 45439 | B95: - | C95: Garrote | D95: AEG01 | E95: 0 | F95: - | G95: Imãs OK | H95: Primeiro Ciclo | I95: Em Operação | J95: -
A96: 45439 | B96: - | C96: São Raimundo | D96: AEG17 | E96: 0 | F96: - | G96: Imãs OK | H96: Primeiro Ciclo | I96: Em Operação | J96: -
A97: 45440 | B97: 67108 | C97: São Raimundo | D97: AEG15 | E97: 10 | F97: 2 | G97: Substituido | H97: Primeiro Ciclo | I97: Fora de Operação | J97: 45465
A98: 45440 | B98: 67108 | C98: São Raimundo | D98: AEG15 | E98: 10 | F98: 3 | G98: Substituido | H98: Primeiro Ciclo | I98: Fora de Operação | J98: 45465
A99: 45608 | B99: - | C99: Garrote | D99: AEG35 | E99: 10 | F99: 24 | G99: Substituido | H99: Segundo Ciclo | I99: Em Operação | J99: 45635
A100: 45464 | B100: 68028 | C100: Santo Inacio III | D100: AEG28 | E100: 10 | F100: 26 | G100: Substituido | H100: Primeiro Ciclo | I100: Fora de Operação | J100: 45475
A101: 45425 | B101: 66932 | C101: Santo Inacio III | D101: AEG05 | E101: 10 | F101: 27 | G101: Substituido | H101: Primeiro Ciclo | I101: Fora de Operação | J101: 45597
A102: 45441 | B102: - | C102: São Raimundo | D102: AEG19 | E102: 0 | F102: - | G102: Imãs OK | H102: Primeiro Ciclo | I102: Em Operação | J102: -
A103: 45441 | B103: - | C103: São Raimundo | D103: AEG08 | E103: 0 | F103: - | G103: Imãs OK | H103: Primeiro Ciclo | I103: Em Operação | J103: -
A104: 45443 | B104: 67180 | C104: São Raimundo | D104: AEG09 | E104: 10 | F104: 60 | G104: Substituido | H104: Primeiro Ciclo | I104: Fora de Operação | J104: 45460
A105: 45443 | B105: 67180 | C105: São Raimundo | D105: AEG09 | E105: 10 | F105: 100 | G105: Substituido | H105: Primeiro Ciclo | I105: Fora de Operação | J105: 45460
A106: 45758 | B106: - | C106: Garrote | D106: AEG35 | E106: 10 | F106: 28 | G106: Substituido | H106: Terceiro Ciclo | I106: Fora de Operação | J106: 45764
A107: 45758 | B107: - | C107: Garrote | D107: AEG35 | E107: 10 | F107: 29 | G107: Substituido | H107: Terceiro Ciclo | I107: Fora de Operação | J107: 45764
A108: 45446 | B108: - | C108: São Raimundo | D108: AEG10 | E108: 0 | F108: - | G108: Imãs OK | H108: Primeiro Ciclo | I108: Em Operação | J108: -
A109: 45447 | B109: 67315 | C109: São Raimundo | D109: AEG13 | E109: 10 | F109: 5 | G109: Substituido | H109: Primeiro Ciclo | I109: Fora de Operação | J109: 45468
A110: 45408 | B110: 66934 | C110: Garrote | D110: AEG35 | E110: 10 | F110: 30 | G110: Substituido | H110: Primeiro Ciclo | I110: Fora de Operação | J110: 45568
A111: 45420 | B111: 66931 | C111: São Raimundo | D111: AEG16 | E111: 10 | F111: 31 | G111: Substituido | H111: Primeiro Ciclo | I111: Fora de Operação | J111: 45478
A112: 45440 | B112: 67108 | C112: São Raimundo | D112: AEG15 | E112: 10 | F112: 31 | G112: Substituido | H112: Primeiro Ciclo | I112: Fora de Operação | J112: 45465
A113: 45758 | B113: - | C113: Garrote | D113: AEG35 | E113: 10 | F113: 31 | G113: Substituido | H113: Terceiro Ciclo | I113: Fora de Operação | J113: 45764
A114: 45447 | B114: - | C114: São Raimundo | D114: AEG12 | E114: 0 | F114: - | G114: Imãs OK | H114: Primeiro Ciclo | I114: Em Operação | J114: -
A115: 45448 | B115: 67373 | C115: Santo Inacio III | D115: AEG24 | E115: 10 | F115: 2 | G115: Substituido | H115: Primeiro Ciclo | I115: Fora de Operação | J115: 45463
A116: 45440 | B116: 67108 | C116: São Raimundo | D116: AEG15 | E116: 10 | F116: 32 | G116: Substituido | H116: Primeiro Ciclo | I116: Fora de Operação | J116: 45465
A117: 45448 | B117: 67373 | C117: Santo Inacio III | D117: AEG24 | E117: 10 | F117: 118 | G117: Substituido | H117: Primeiro Ciclo | I117: Fora de Operação | J117: 45463
A118: 45448 | B118: 67395 | C118: Santo Inacio III | D118: AEG26 | E118: 10 | F118: 1 | G118: Substituido | H118: Primeiro Ciclo | I118: Fora de Operação | J118: 45458
A119: 45449 | B119: - | C119: Santo Inacio III | D119: AEG27 | E119: 0 | F119: - | G119: Imãs OK | H119: Primeiro Ciclo | I119: Em Operação | J119: -
A120: 45449 | B120: - | C120: Santo Inacio III | D120: AEG20 | E120: 0 | F120: - | G120: Imãs OK | H120: Primeiro Ciclo | I120: Em Operação | J120: -
A121: 45450 | B121: - | C121: Santo Inacio III | D121: AEG23 | E121: 0 | F121: - | G121: Imãs OK | H121: Primeiro Ciclo | I121: Em Operação | J121: -
A122: 45450 | B122: - | C122: Santo Inacio III | D122: AEG21 | E122: 0 | F122: - | G122: Imãs OK | H122: Primeiro Ciclo | I122: Em Operação | J122: -
A123: 45453 | B123: 67613 | C123: Santo Inacio III | D123: AEG07 | E123: 10 | F123: 5 | G123: Substituido | H123: Primeiro Ciclo | I123: Fora de Operação | J123: 45469
A124: 45440 | B124: 67108 | C124: São Raimundo | D124: AEG15 | E124: 10 | F124: 33 | G124: Substituido | H124: Primeiro Ciclo | I124: Fora de Operação | J124: 45465
A125: 45453 | B125: 67613 | C125: Santo Inacio III | D125: AEG07 | E125: 10 | F125: 120 | G125: Substituido | H125: Primeiro Ciclo | I125: Fora de Operação | J125: 45469
A126: 45454 | B126: 67656 | C126: Garrote | D126: AEG44 | E126: 10 | F126: 103 | G126: Substituido | H126: Primeiro Ciclo | I126: Fora de Operação | J126: 45462
A127: 45454 | B127: 67656 | C127: Garrote | D127: AEG44 | E127: 10 | F127: 104 | G127: Substituido | H127: Primeiro Ciclo | I127: Fora de Operação | J127: 45462
...

Sheet Analise_Performance
B1: TURBINA | C1: ÍMÃS TROCADOS | D1: % IMAS TROCADOS | E1: % CRITICIDADE DOWIND | F1: % CRITICIDADE UPWIND | G1: CARREIRAS AFETADAS | H1: RISCO | I1: UTIMA MANUTENÇÃO | J1: PROXIMA PREVISÃO | K1: 🔴 | L1: 🟡 | M1: 🟢
B2: AEG-01 | C2: =SUMIF(Dados_Brutos!D:D, B2, Dados_Brutos!E:E) -> 0 | D2: =(C2/1200) -> 0 | E2: =IF(COUNTIFS(Dados_Brutos!D:D,Tabela11[[#This Row],[TURBINA]],Dados_Brutos!K:K, "Alto")>0,0.8,IF(COUNTIFS(Dados_Brutos!D:D,Tabela11[[#This Row],[TURBINA]],Dados_Brutos!K:K, "Médio"),0.8,1))*Tabela11[[#This Row],[% IMAS TROCADOS]] -> 0 | F2: =IF(COUNTIFS(Dados_Brutos!D:D,Tabela11[[#This Row],[TURBINA]],Dados_Brutos!L:L,"Alto")>0, 0.8, IF(COUNTIFS(Dados_Brutos!D:D,Tabela11[[#This Row],[TURBINA]],Dados_Brutos!L:L,"Médio")>0, 0.9, 1))*Tabela11[[#This Row],[% IMAS TROCADOS]] -> 0 | G2: =COUNTIF(Tabela16[[#This Row],[C-01]:[C-120]],"X") & "/120" -> 0/120 | H2: =IF(OR(C2>150, F2>0.85), "🔴", IF(OR(C2>100, F2>0.9), "🟡", "🟢")) -> 🟢 | I2: {=MAX(IF(Dados_Brutos!D:D=Tabela11[[#This Row],[TURBINA]],Dados_Brutos!A:A))} -> 45775 | J2: =IFERROR(DATE(YEAR(I2),MONTH(I2)+7,DAY(I2)),"") -> 45989
B3: AEG-02 | C3: =SUMIF(Dados_Brutos!D:D, B3, Dados_Brutos!E:E) -> 0 | D3: =(C3/1200) -> 0 | E3: =IF(COUNTIFS(Dados_Brutos!D:D,Tabela11[[#This Row],[TURBINA]],Dados_Brutos!K:K, "Alto")>0,0.8,IF(COUNTIFS(Dados_Brutos!D:D,Tabela11[[#This Row],[TURBINA]],Dados_Brutos!K:K, "Médio"),0.8,1))*Tabela11[[#This Row],[% IMAS TROCADOS]] -> 0 | F3: =IF(COUNTIFS(Dados_Brutos!D:D,Tabela11[[#This Row],[TURBINA]],Dados_Brutos!L:L,"Alto")>0, 0.8, IF(COUNTIFS(Dados_Brutos!D:D,Tabela11[[#This Row],[TURBINA]],Dados_Brutos!L:L,"Médio")>0, 0.9, 1))*Tabela11[[#This Row],[% IMAS TROCADOS]] -> 0 | G3: =COUNTIF(Tabela16[[#This Row],[C-01]:[C-120]],"X") & "/120" -> 0/120 | H3: =IF(OR(C3>150, F3>0.85), "🔴", IF(OR(C3>100, F3>0.9), "🟡", "🟢")) -> 🟢 | I3: {=MAX(IF(Dados_Brutos!D:D=Tabela11[[#This Row],[TURBINA]],Dados_Brutos!A:A))} -> 45639 | J3: =IFERROR(DATE(YEAR(I3),MONTH(I3)+7,DAY(I3)),"") -> 45851
B4: AEG-03 | C4: =SUMIF(Dados_Brutos!D:D, B4, Dados_Brutos!E:E) -> 0 | D4: =(C4/1200) -> 0 | E4: =IF(COUNTIFS(Dados_Brutos!D:D,Tabela11[[#This Row],[TURBINA]],Dados_Brutos!K:K, "Alto")>0,0.8,IF(COUNTIFS(Dados_Brutos!D:D,Tabela11[[#This Row],[TURBINA]],Dados_Brutos!K:K, "Médio"),0.8,1))*Tabela11[[#This Row],[% IMAS TROCADOS]] -> 0 | F4: =IF(COUNTIFS(Dados_Brutos!D:D,Tabela11[[#This Row],[TURBINA]],Dados_Brutos!L:L,"Alto")>0, 0.8, IF(COUNTIFS(Dados_Brutos!D:D,Tabela11[[#This Row],[TURBINA]],Dados_Brutos!L:L,"Médio")>0, 0.9, 1))*Tabela11[[#This Row],[% IMAS TROCADOS]] -> 0 | G4: =COUNTIF(Tabela16[[#This Row],[C-01]:[C-120]],"X") & "/120" -> 0/120 | H4: =IF(OR(C4>150, F4>0.85), "🔴", IF(OR(C4>100, F4>0.9), "🟡", "🟢")) -> 🟢 | I4: {=MAX(IF(Dados_Brutos!D:D=Tabela11[[#This Row],[TURBINA]],Dados_Brutos!A:A))} -> 45644 | J4: =IFERROR(DATE(YEAR(I4),MONTH(I4)+7,DAY(I4)),"") -> 45856
B5: AEG-04 | C5: =SUMIF(Dados_Brutos!D:D, B5, Dados_Brutos!E:E) -> 0 | D5: =(C5/1200) -> 0 | E5: =IF(COUNTIFS(Dados_Brutos!D:D,Tabela11[[#This Row],[TURBINA]],Dados_Brutos!K:K, "Alto")>0,0.8,IF(COUNTIFS(Dados_Brutos!D:D,Tabela11[[#This Row],[TURBINA]],Dados_Brutos!K:K, "Médio"),0.8,1))*Tabela11[[#This Row],[% IMAS TROCADOS]] -> 0 | F5: =IF(COUNTIFS(Dados_Brutos!D:D,Tabela11[[#This Row],[TURBINA]],Dados_Brutos!L:L,"Alto")>0, 0.8, IF(COUNTIFS(Dados_Brutos!D:D,Tabela11[[#This Row],[TURBINA]],Dados_Brutos!L:L,"Médio")>0, 0.9, 1))*Tabela11[[#This Row],[% IMAS TROCADOS]] -> 0 | G5: =COUNTIF(Tabela16[[#This Row],[C-01]:[C-120]],"X") & "/120" -> 0/120 | H5: =IF(OR(C5>150, F5>0.85), "🔴", IF(OR(C5>100, F5>0.9), "🟡", "🟢")) -> 🟢 | I5: {=MAX(IF(Dados_Brutos!D:D=Tabela11[[#This Row],[TURBINA]],Dados_Brutos!A:A))} -> 45734 | J5: =IFERROR(DATE(YEAR(I5),MONTH(I5)+7,DAY(I5)),"") -> 45948
B6: AEG-05 | C6: =SUMIF(Dados_Brutos!D:D, B6, Dados_Brutos!E:E) -> 80 | D6: =(C6/1200) -> 0.066666667 | E6: =IF(COUNTIFS(Dados_Brutos!D:D,Tabela11[[#This Row],[TURBINA]],Dados_Brutos!K:K, "Alto")>0,0.8,IF(COUNTIFS(Dados_Brutos!D:D,Tabela11[[#This Row],[TURBINA]],Dados_Brutos!K:K, "Médio"),0.8,1))*Tabela11[[#This Row],[% IMAS TROCADOS]] -> 0.053333333 | F6: =IF(COUNTIFS(Dados_Brutos!D:D,Tabela11[[#This Row],[TURBINA]],Dados_Brutos!L:L,"Alto")>0, 0.8, IF(COUNTIFS(Dados_Brutos!D:D,Tabela11[[#This Row],[TURBINA]],Dados_Brutos!L:L,"Médio")>0, 0.9, 1))*Tabela11[[#This Row],[% IMAS TROCADOS]] -> 0.053333333 | G6: =COUNTIF(Tabela16[[#This Row],[C-01]:[C-120]],"X") & "/120" -> 0/120 | H6: =IF(OR(C6>150, F6>0.85), "🔴", IF(OR(C6>100, F6>0.9), "🟡", "🟢")) -> 🟢 | I6: {=MAX(IF(Dados_Brutos!D:D=Tabela11[[#This Row],[TURBINA]],Dados_Brutos!A:A))} -> 45749 | J6: =IFERROR(DATE(YEAR(I6),MONTH(I6)+7,DAY(I6)),"") -> 45963
B7: AEG-06 | C7: =SUMIF(Dados_Brutos!D:D, B7, Dados_Brutos!E:E) -> 20 | D7: =(C7/1200) -> 0.016666667 | E7: =IF(COUNTIFS(Dados_Brutos!D:D,Tabela11[[#This Row],[TURBINA]],Dados_Brutos!K:K, "Alto")>0,0.8,IF(COUNTIFS(Dados_Brutos!D:D,Tabela11[[#This Row],[TURBINA]],Dados_Brutos!K:K, "Médio"),0.8,1))*Tabela11[[#This Row],[% IMAS TROCADOS]] -> 0.013333333 | F7: =IF(COUNTIFS(Dados_Brutos!D:D,Tabela11[[#This Row],[TURBINA]],Dados_Brutos!L:L,"Alto")>0, 0.8, IF(COUNTIFS(Dados_Brutos!D:D,Tabela11[[#This Row],[TURBINA]],Dados_Brutos!L:L,"Médio")>0, 0.9, 1))*Tabela11[[#This Row],[% IMAS TROCADOS]] -> 0.016666667 | G7: =COUNTIF(Tabela16[[#This Row],[C-01]:[C-120]],"X") & "/120" -> 0/120 | H7: =IF(OR(C7>150, F7>0.85), "🔴", IF(OR(C7>100, F7>0.9), "🟡", "🟢")) -> 🟢 | I7: {=MAX(IF(Dados_Brutos!D:D=Tabela11[[#This Row],[TURBINA]],Dados_Brutos!A:A))} -> 45624 | J7: =IFERROR(DATE(YEAR(I7),MONTH(I7)+7,DAY(I7)),"") -> 45836
B8: AEG-07 | C8: =SUMIF(Dados_Brutos!D:D, B8, Dados_Brutos!E:E) -> 30 | D8: =(C8/1200) -> 0.025 | E8: =IF(COUNTIFS(Dados_Brutos!D:D,Tabela11[[#This Row],[TURBINA]],Dados_Brutos!K:K, "Alto")>0,0.8,IF(COUNTIFS(Dados_Brutos!D:D,Tabela11[[#This Row],[TURBINA]],Dados_Brutos!K:K, "Médio"),0.8,1))*Tabela11[[#This Row],[% IMAS TROCADOS]] -> 0.025 | F8: =IF(COUNTIFS(Dados_Brutos!D:D,Tabela11[[#This Row],[TURBINA]],Dados_Brutos!L:L,"Alto")>0, 0.8, IF(COUNTIFS(Dados_Brutos!D:D,Tabela11[[#This Row],[TURBINA]],Dados_Brutos!L:L,"Médio")>0, 0.9, 1))*Tabela11[[#This Row],[% IMAS TROCADOS]] -> 0.02 | G8: =COUNTIF(Tabela16[[#This Row],[C-01]:[C-120]],"X") & "/120" -> 0/120 | H8: =IF(OR(C8>150, F8>0.85), "🔴", IF(OR(C8>100, F8>0.9), "🟡", "🟢")) -> 🟢 | I8: {=MAX(IF(Dados_Brutos!D:D=Tabela11[[#This Row],[TURBINA]],Dados_Brutos!A:A))} -> 45624 | J8: =IFERROR(DATE(YEAR(I8),MONTH(I8)+7,DAY(I8)),"") -> 45836
B9: AEG-08 | C9: =SUMIF(Dados_Brutos!D:D, B9, Dados_Brutos!E:E) -> 3 | D9: =(C9/1200) -> 0.0025 | E9: =IF(COUNTIFS(Dados_Brutos!D:D,Tabela11[[#This Row],[TURBINA]],Dados_Brutos!K:K, "Alto")>0,0.8,IF(COUNTIFS(Dados_Brutos!D:D,Tabela11[[#This Row],[TURBINA]],Dados_Brutos!K:K, "Médio"),0.8,1))*Tabela11[[#This Row],[% IMAS TROCADOS]] -> 0.002 | F9: =IF(COUNTIFS(Dados_Brutos!D:D,Tabela11[[#This Row],[TURBINA]],Dados_Brutos!L:L,"Alto")>0, 0.8, IF(COUNTIFS(Dados_Brutos!D:D,Tabela11[[#This Row],[TURBINA]],Dados_Brutos!L:L,"Médio")>0, 0.9, 1))*Tabela11[[#This Row],[% IMAS TROCADOS]] -> 0.002 | G9: =COUNTIF(Tabela16[[#This Row],[C-01]:[C-120]],"X") & "/120" -> 0/120 | H9: =IF(OR(C9>150, F9>0.85), "🔴", IF(OR(C9>100, F9>0.9), "🟡", "🟢")) -> 🟢 | I9: {=MAX(IF(Dados_Brutos!D:D=Tabela11[[#This Row],[TURBINA]],Dados_Brutos!A:A))} -> 45784 | J9: =IFERROR(DATE(YEAR(I9),MONTH(I9)+7,DAY(I9)),"") -> 45998
B10: AEG-09 | C10: =SUMIF(Dados_Brutos!D:D, B10, Dados_Brutos!E:E) -> 21 | D10: =(C10/1200) -> 0.0175 | E10: =IF(COUNTIFS(Dados_Brutos!D:D,Tabela11[[#This Row],[TURBINA]],Dados_Brutos!K:K, "Alto")>0,0.8,IF(COUNTIFS(Dados_Brutos!D:D,Tabela11[[#This Row],[TURBINA]],Dados_Brutos!K:K, "Médio"),0.8,1))*Tabela11[[#This Row],[% IMAS TROCADOS]] -> 0.014 | F10: =IF(COUNTIFS(Dados_Brutos!D:D,Tabela11[[#This Row],[TURBINA]],Dados_Brutos!L:L,"Alto")>0, 0.8, IF(COUNTIFS(Dados_Brutos!D:D,Tabela11[[#This Row],[TURBINA]],Dados_Brutos!L:L,"Médio")>0, 0.9, 1))*Tabela11[[#This Row],[% IMAS TROCADOS]] -> 0.0175 | G10: =COUNTIF(Tabela16[[#This Row],[C-01]:[C-120]],"X") & "/120" -> 0/120 | H10: =IF(OR(C10>150, F10>0.85), "🔴", IF(OR(C10>100, F10>0.9), "🟡", "🟢")) -> 🟢 | I10: {=MAX(IF(Dados_Brutos!D:D=Tabela11[[#This Row],[TURBINA]],Dados_Brutos!A:A))} -> 45862 | J10: =IFERROR(DATE(YEAR(I10),MONTH(I10)+7,DAY(I10)),"") -> 46077
B11: AEG-10 | C11: =SUMIF(Dados_Brutos!D:D, B11, Dados_Brutos!E:E) -> 0 | D11: =(C11/1200) -> 0 | E11: =IF(COUNTIFS(Dados_Brutos!D:D,Tabela11[[#This Row],[TURBINA]],Dados_Brutos!K:K, "Alto")>0,0.8,IF(COUNTIFS(Dados_Brutos!D:D,Tabela11[[#This Row],[TURBINA]],Dados_Brutos!K:K, "Médio"),0.8,1))*Tabela11[[#This Row],[% IMAS TROCADOS]] -> 0 | F11: =IF(COUNTIFS(Dados_Brutos!D:D,Tabela11[[#This Row],[TURBINA]],Dados_Brutos!L:L,"Alto")>0, 0.8, IF(COUNTIFS(Dados_Brutos!D:D,Tabela11[[#This Row],[TURBINA]],Dados_Brutos!L:L,"Médio")>0, 0.9, 1))*Tabela11[[#This Row],[% IMAS TROCADOS]] -> 0 | G11: =COUNTIF(Tabela16[[#This Row],[C-01]:[C-120]],"X") & "/120" -> 0/120 | H11: =IF(OR(C11>150, F11>0.85), "🔴", IF(OR(C11>100, F11>0.9), "🟡", "🟢")) -> 🟢 | I11: {=MAX(IF(Dados_Brutos!D:D=Tabela11[[#This Row],[TURBINA]],Dados_Brutos!A:A))} -> 45624 | J11: =IFERROR(DATE(YEAR(I11),MONTH(I11)+7,DAY(I11)),"") -> 45836
B12: AEG-11 | C12: =SUMIF(Dados_Brutos!D:D, B12, Dados_Brutos!E:E) -> 20 | D12: =(C12/1200) -> 0.016666667 | E12: =IF(COUNTIFS(Dados_Brutos!D:D,Tabela11[[#This Row],[TURBINA]],Dados_Brutos!K:K, "Alto")>0,0.8,IF(COUNTIFS(Dados_Brutos!D:D,Tabela11[[#This Row],[TURBINA]],Dados_Brutos!K:K, "Médio"),0.8,1))*Tabela11[[#This Row],[% IMAS TROCADOS]] -> 0.016666667 | F12: =IF(COUNTIFS(Dados_Brutos!D:D,Tabela11[[#This Row],[TURBINA]],Dados_Brutos!L:L,"Alto")>0, 0.8, IF(COUNTIFS(Dados_Brutos!D:D,Tabela11[[#This Row],[TURBINA]],Dados_Brutos!L:L,"Médio")>0, 0.9, 1))*Tabela11[[#This Row],[% IMAS TROCADOS]] -> 0.013333333 | G12: =COUNTIF(Tabela16[[#This Row],[C-01]:[C-120]],"X") & "/120" -> 6/120 | H12: =IF(OR(C12>150, F12>0.85), "🔴", IF(OR(C12>100, F12>0.9), "🟡", "🟢")) -> 🟢 | I12: {=MAX(IF(Dados_Brutos!D:D=Tabela11[[#This Row],[TURBINA]],Dados_Brutos!A:A))} -> 45789 | J12: =IFERROR(DATE(YEAR(I12),MONTH(I12)+7,DAY(I12)),"") -> 46003
B13: AEG-12 | C13: =SUMIF(Dados_Brutos!D:D, B13, Dados_Brutos!E:E) -> 0 | D13: =(C13/1200) -> 0 | E13: =IF(COUNTIFS(Dados_Brutos!D:D,Tabela11[[#This Row],[TURBINA]],Dados_Brutos!K:K, "Alto")>0,0.8,IF(COUNTIFS(Dados_Brutos!D:D,Tabela11[[#This Row],[TURBINA]],Dados_Brutos!K:K, "Médio"),0.8,1))*Tabela11[[#This Row],[% IMAS TROCADOS]] -> 0 | F13: =IF(COUNTIFS(Dados_Brutos!D:D,Tabela11[[#This Row],[TURBINA]],Dados_Brutos!L:L,"Alto")>0, 0.8, IF(COUNTIFS(Dados_Brutos!D:D,Tabela11[[#This Row],[TURBINA]],Dados_Brutos!L:L,"Médio")>0, 0.9, 1))*Tabela11[[#This Row],[% IMAS TROCADOS]] -> 0 | G13: =COUNTIF(Tabela16[[#This Row],[C-01]:[C-120]],"X") & "/120" -> 0/120 | H13: =IF(OR(C13>150, F13>0.85), "🔴", IF(OR(C13>100, F13>0.9), "🟡", "🟢")) -> 🟢 | I13: {=MAX(IF(Dados_Brutos!D:D=Tabela11[[#This Row],[TURBINA]],Dados_Brutos!A:A))} -> 45790 | J13: =IFERROR(DATE(YEAR(I13),MONTH(I13)+7,DAY(I13)),"") -> 46004
... B48: AEG-47 | C48: =SUMIF(Dados_Brutos!D:D, B48, Dados_Brutos!E:E) -> 0 | D48: =(C48/1200) -> 0 | E48: =IF(COUNTIFS(Dados_Brutos!D:D,Tabela11[[#This Row],[TURBINA]],Dados_Brutos!K:K, "Alto")>0,0.8,IF(COUNTIFS(Dados_Brutos!D:D,Tabela11[[#This Row],[TURBINA]],Dados_Brutos!K:K, "Médio"),0.8,1))*Tabela11[[#This Row],[% IMAS TROCADOS]] -> 0 | F48: =IF(COUNTIFS(Dados_Brutos!D:D,Tabela11[[#This Row],[TURBINA]],Dados_Brutos!L:L,"Alto")>0, 0.8, IF(COUNTIFS(Dados_Brutos!D:D,Tabela11[[#This Row],[TURBINA]],Dados_Brutos!L:L,"Médio")>0, 0.9, 1))*Tabela11[[#This Row],[% IMAS TROCADOS]] -> 0 | G48: =COUNTIF(Tabela16[[#This Row],[C-01]:[C-120]],"X") & "/120" -> 0/120 | H48: =IF(OR(C48>150, F48>0.85), "🔴", IF(OR(C48>100, F48>0.9), "🟡", "🟢")) -> 🟢 | I48: {=MAX(IF(Dados_Brutos!D:D=Tabela11[[#This Row],[TURBINA]],Dados_Brutos!A:A))} -> 45756 | J48: =IFERROR(DATE(YEAR(I48),MONTH(I48)+7,DAY(I48)),"") -> 45970

Sheet Dashboards
A1: MÉTRICASPRINCIPAIS-COMPLEXOEÓLICOSANTOINÁCIO | B1: VALOR | C1: TENDÊNCIA | E1: 📈 | F1: 📉
A2: Turbinas em Risco Alto | B2: =COUNTIF(Resumo_Turbinas!K:K,"🔴 ALTO RISCO")&"/47" -> 0/47 | C2: =IF(B2>VLOOKUP("Risco Alto",Tabela7[],2),"📈","📉") -> 📈
A3: Ímãs Trocados (Total) | B3: =SUM(Resumo_Turbinas!C:C) -> 1766 | C3: =IF(B3>VLOOKUP("Imas Meta",Tabela7[],2),"📈","📉") -> 📉
A4: Custo Total Estimado | B4: ="R$ "&TEXT(SUM(Resumo_Turbinas!L:L),"#.##0,00") -> R$ 2.264.356,02 | C4: =IF(SUM(Resumo_Turbinas!L:L)>VLOOKUP("Custo Meta",Tabela7[],2),"📈","📉") -> 📈
A5: Disponibilidade | B5: =TEXT(1-SUM(Resumo_Turbinas!G:G)/(47*(TODAY()-MIN(Resumo_Turbinas!D:D))),"0,0%") -> 94,6% | C5: =IF(B5>VLOOKUP("Disponibilidade Meta",Tabela7[],2),"📈","📉") -> 📈
A6: % Ímas Trocados | B6: =SUM(Dados_Brutos!E:E) / (47*1200) -> 0.031312057 | C6: =IF(B6>VLOOKUP("A7",Tabela7[],2),"📈","📉") -> 📉

Sheet Config
A1: PARÂMETRO | B1: VALOR
A2: Custo Por Ima | B2: 1282.1948
A3: Dias MTBF Meta | B3: 180
A4: Dias MTTR Meta | B4: 7
A5: Disponibilidade Meta | B5: 0.95
A6: Eficiencia Meta | B6: 0.85
A7: Imas Meta | B7: 1000
A8: Custo Meta | B8: 1500000
A9: Risco Alto | B9: 8

Sheet dados
A1: 1 | C1: Cluster | D1: AERO
A2: 2 | C2: Garrote | D2: AEG-01
A3: 3 | C3: Garrote | D3: AEG-04
A4: 4 | C4: Garrote | D4: AEG-14
A5: 5 | C5: Garrote | D5: AEG-35
A6: 6 | C6: Garrote | D6: AEG-39
A7: 7 | C7: Garrote | D7: AEG-41
A8: 8 | C8: Garrote | D8: AEG-43
A9: 9 | C9: Garrote | D9: AEG-44
A10: 10 | C10: Garrote | D10: AEG-45
A11: 11 | C11: Garrote | D11: AEG-46
A12: 12 | C12: Garrote | D12: AEG-47
... A48: 48 | C48: São Raimundo | D48: AEG-19
A49: 49
A50: 50
A51: 51
A52: 52
A53: 53
A54: 54
A55: 55
A56: 56
A57: 57
A58: 58
A59: 59
A60: 60
... A120: 120
